1,2013100000,程序设计,COMPULSORY,4,10,3
2,2013100000,数据结构,UNCOMPULSORY,3,40,3
3,2013100002,计量经济学,COMPULSORY,2,10,3
4,2013100002,马原,UNCOMPULSORY,3,10,3
5,2013100003,大学语文,COMPULSORY,3,10,3
6,2013100003,人生哲学,UNCOMPULSORY,5,20,3
7,2013100004,程序设计,COMPULSORY,4,10,3
8,2013100004,数据结构,UNCOMPULSORY,4,30,3
9,2013100005,计量经济学,COMPULSORY,2,30,3
10,2013100005,马原,UNCOMPULSORY,3,20,3
11,2013100006,大学语文,COMPULSORY,3,30,3
12,2013100006,人生哲学,UNCOMPULSORY,4,40,3
13,2013100007,程序设计,COMPULSORY,3,30,3
14,2013100007,数据结构,UNCOMPULSORY,5,20,3
15,2013100008,计量经济学,COMPULSORY,2,40,3
16,2013100008,马原,UNCOMPULSORY,3,10,3
17,2013100009,大学语文,COMPULSORY,3,40,3
18,2013100009,人生哲学,UNCOMPULSORY,4,10,3
19,2013100010,程序设计,COMPULSORY,5,40,3
20,2013100010,数据结构,UNCOMPULSORY,4,40,3
21,2013100011,计量经济学,COMPULSORY,5,10,3
22,2013100011,马原,UNCOMPULSORY,5,20,3
23,2013100012,大学语文,COMPULSORY,3,30,3
24,2013100012,人生哲学,UNCOMPULSORY,3,20,3
25,2013100013,程序设计,COMPULSORY,4,40,3
26,2013100013,数据结构,UNCOMPULSORY,5,40,3
27,2013100014,计量经济学,COMPULSORY,3,40,3
28,2013100014,马原,UNCOMPULSORY,3,30,3
29,2013100015,大学语文,COMPULSORY,3,30,3
30,2013100015,人生哲学,UNCOMPULSORY,4,10,3
31,2013100016,程序设计,COMPULSORY,5,40,3
32,2013100016,数据结构,UNCOMPULSORY,3,30,3
33,2013100017,计量经济学,COMPULSORY,3,10,3
34,2013100017,马原,UNCOMPULSORY,3,30,3
35,2013100018,大学语文,COMPULSORY,3,30,3
36,2013100018,人生哲学,UNCOMPULSORY,5,30,3
37,2013100019,程序设计,COMPULSORY,2,20,3
38,2013100019,数据结构,UNCOMPULSORY,2,20,3
39,2013100020,计量经济学,COMPULSORY,3,20,3
40,2013100020,马原,UNCOMPULSORY,3,30,3
41,2013100021,大学语文,COMPULSORY,2,20,3
42,2013100021,人生哲学,UNCOMPULSORY,2,40,3
43,2013100022,程序设计,COMPULSORY,5,10,3
44,2013100022,数据结构,UNCOMPULSORY,4,40,3
45,2013100023,计量经济学,COMPULSORY,4,40,3
46,2013100023,马原,UNCOMPULSORY,5,40,3
47,2013100024,大学语文,COMPULSORY,2,40,3
48,2013100024,人生哲学,UNCOMPULSORY,2,10,3
49,2013100025,程序设计,COMPULSORY,3,10,3
50,2013100025,数据结构,UNCOMPULSORY,3,10,3
51,2013100026,计量经济学,COMPULSORY,2,10,3
52,2013100026,马原,UNCOMPULSORY,5,10,3
53,2013100027,大学语文,COMPULSORY,5,10,3
54,2013100027,人生哲学,UNCOMPULSORY,2,10,3
55,2013100028,程序设计,COMPULSORY,2,20,3
56,2013100028,数据结构,UNCOMPULSORY,3,40,3
57,2013100029,计量经济学,COMPULSORY,5,20,3
58,2013100029,马原,UNCOMPULSORY,3,30,3
59,2013100030,大学语文,COMPULSORY,2,20,3
60,2013100030,人生哲学,UNCOMPULSORY,3,40,3
61,2013100031,程序设计,COMPULSORY,2,10,3
62,2013100031,数据结构,UNCOMPULSORY,3,20,3
63,2013100032,计量经济学,COMPULSORY,4,30,3
64,2013100032,马原,UNCOMPULSORY,5,30,3
65,2013100033,大学语文,COMPULSORY,2,30,3
66,2013100033,人生哲学,UNCOMPULSORY,2,10,3
67,2013100034,程序设计,COMPULSORY,5,30,3
68,2013100034,数据结构,UNCOMPULSORY,3,20,3
69,2013100035,计量经济学,COMPULSORY,4,20,3
70,2013100035,马原,UNCOMPULSORY,4,10,3
71,2013100036,大学语文,COMPULSORY,3,40,3
72,2013100036,人生哲学,UNCOMPULSORY,3,10,3
73,2013100037,程序设计,COMPULSORY,5,30,3
74,2013100037,数据结构,UNCOMPULSORY,2,40,3
75,2013100038,计量经济学,COMPULSORY,4,30,3
76,2013100038,马原,UNCOMPULSORY,5,20,3
77,2013100039,大学语文,COMPULSORY,3,20,3
78,2013100039,人生哲学,UNCOMPULSORY,3,30,3
79,2013100040,程序设计,COMPULSORY,5,20,3
80,2013100040,数据结构,UNCOMPULSORY,4,30,3
81,2013100041,计量经济学,COMPULSORY,3,20,3
82,2013100041,马原,UNCOMPULSORY,3,30,3
83,2013100042,大学语文,COMPULSORY,3,30,3
84,2013100042,人生哲学,UNCOMPULSORY,2,20,3
85,2013100043,程序设计,COMPULSORY,4,10,3
86,2013100043,数据结构,UNCOMPULSORY,2,40,3
87,2013100044,计量经济学,COMPULSORY,5,10,3
88,2013100044,马原,UNCOMPULSORY,4,10,3
89,2013100045,大学语文,COMPULSORY,3,20,3
90,2013100045,人生哲学,UNCOMPULSORY,4,20,3
91,2013100046,程序设计,COMPULSORY,4,40,3
92,2013100046,数据结构,UNCOMPULSORY,3,30,3
93,2013100047,计量经济学,COMPULSORY,5,40,3
94,2013100047,马原,UNCOMPULSORY,5,10,3
95,2013100048,大学语文,COMPULSORY,3,40,3
96,2013100048,人生哲学,UNCOMPULSORY,3,30,3
97,2013100049,程序设计,COMPULSORY,5,40,3
98,2013100049,数据结构,UNCOMPULSORY,2,40,3
99,2013100050,计量经济学,COMPULSORY,3,20,3
100,2013100050,马原,UNCOMPULSORY,5,10,3
101,2013100051,大学语文,COMPULSORY,5,20,3
102,2013100051,人生哲学,UNCOMPULSORY,5,30,3
103,2013100052,程序设计,COMPULSORY,2,30,3
104,2013100052,数据结构,UNCOMPULSORY,2,10,3
105,2013100053,计量经济学,COMPULSORY,4,30,3
106,2013100053,马原,UNCOMPULSORY,3,30,3
107,2013100054,大学语文,COMPULSORY,4,40,3
108,2013100054,人生哲学,UNCOMPULSORY,3,30,3
109,2013100055,程序设计,COMPULSORY,5,30,3
110,2013100055,数据结构,UNCOMPULSORY,3,10,3
111,2013100056,计量经济学,COMPULSORY,4,20,3
112,2013100056,马原,UNCOMPULSORY,5,20,3
113,2013100057,大学语文,COMPULSORY,5,40,3
114,2013100057,人生哲学,UNCOMPULSORY,2,20,3
115,2013100058,程序设计,COMPULSORY,4,30,3
116,2013100058,数据结构,UNCOMPULSORY,4,10,3
117,2013100059,计量经济学,COMPULSORY,3,30,3
118,2013100059,马原,UNCOMPULSORY,2,20,3
119,2013100060,大学语文,COMPULSORY,4,40,3
120,2013100060,人生哲学,UNCOMPULSORY,2,30,3
121,2013100061,程序设计,COMPULSORY,5,20,3
122,2013100061,数据结构,UNCOMPULSORY,5,20,3
123,2013100062,计量经济学,COMPULSORY,5,10,3
124,2013100062,马原,UNCOMPULSORY,4,20,3
125,2013100063,大学语文,COMPULSORY,3,20,3
126,2013100063,人生哲学,UNCOMPULSORY,2,40,3
127,2013100064,程序设计,COMPULSORY,2,40,3
128,2013100064,数据结构,UNCOMPULSORY,3,20,3
129,2013100065,计量经济学,COMPULSORY,4,40,3
130,2013100065,马原,UNCOMPULSORY,3,10,3
131,2013100066,大学语文,COMPULSORY,5,10,3
132,2013100066,人生哲学,UNCOMPULSORY,2,30,3
133,2013100067,程序设计,COMPULSORY,2,20,3
134,2013100067,数据结构,UNCOMPULSORY,4,10,3
135,2013100068,计量经济学,COMPULSORY,5,30,3
136,2013100068,马原,UNCOMPULSORY,5,30,3
137,2013100069,大学语文,COMPULSORY,5,10,3
138,2013100069,人生哲学,UNCOMPULSORY,2,30,3
139,2013100070,程序设计,COMPULSORY,5,40,3
140,2013100070,数据结构,UNCOMPULSORY,4,10,3
141,2013100071,计量经济学,COMPULSORY,2,30,3
142,2013100071,马原,UNCOMPULSORY,3,10,3
143,2013100072,大学语文,COMPULSORY,4,30,3
144,2013100072,人生哲学,UNCOMPULSORY,4,40,3
145,2013100073,程序设计,COMPULSORY,5,10,3
146,2013100073,数据结构,UNCOMPULSORY,2,40,3
147,2013100074,计量经济学,COMPULSORY,3,20,3
148,2013100074,马原,UNCOMPULSORY,3,40,3
149,2013100075,大学语文,COMPULSORY,5,20,3
150,2013100075,人生哲学,UNCOMPULSORY,4,20,3
151,2013100076,程序设计,COMPULSORY,5,40,3
152,2013100076,数据结构,UNCOMPULSORY,4,30,3
153,2013100077,计量经济学,COMPULSORY,2,40,3
154,2013100077,马原,UNCOMPULSORY,4,30,3
155,2013100078,大学语文,COMPULSORY,5,30,3
156,2013100078,人生哲学,UNCOMPULSORY,4,20,3
157,2013100079,程序设计,COMPULSORY,5,20,3
158,2013100079,数据结构,UNCOMPULSORY,3,30,3
159,2013100080,计量经济学,COMPULSORY,3,30,3
160,2013100080,马原,UNCOMPULSORY,4,20,3
161,2013100081,大学语文,COMPULSORY,5,40,3
162,2013100081,人生哲学,UNCOMPULSORY,2,30,3
163,2013100082,程序设计,COMPULSORY,5,40,3
164,2013100082,数据结构,UNCOMPULSORY,5,30,3
165,2013100083,计量经济学,COMPULSORY,2,30,3
166,2013100083,马原,UNCOMPULSORY,5,40,3
167,2013100084,大学语文,COMPULSORY,5,10,3
168,2013100084,人生哲学,UNCOMPULSORY,4,20,3
169,2013100085,程序设计,COMPULSORY,3,30,3
170,2013100085,数据结构,UNCOMPULSORY,5,10,3
171,2013100086,计量经济学,COMPULSORY,2,20,3
172,2013100086,马原,UNCOMPULSORY,4,10,3
173,2013100087,大学语文,COMPULSORY,5,20,3
174,2013100087,人生哲学,UNCOMPULSORY,4,30,3
175,2013100088,程序设计,COMPULSORY,4,30,3
176,2013100088,数据结构,UNCOMPULSORY,2,40,3
177,2013100089,计量经济学,COMPULSORY,3,40,3
178,2013100089,马原,UNCOMPULSORY,2,10,3
179,2013100090,大学语文,COMPULSORY,5,30,3
180,2013100090,人生哲学,UNCOMPULSORY,2,40,3
181,2013100091,程序设计,COMPULSORY,3,40,3
182,2013100091,数据结构,UNCOMPULSORY,2,10,3
183,2013100092,计量经济学,COMPULSORY,3,20,3
184,2013100092,马原,UNCOMPULSORY,2,30,3
185,2013100093,大学语文,COMPULSORY,3,30,3
186,2013100093,人生哲学,UNCOMPULSORY,4,20,3
187,2013100094,程序设计,COMPULSORY,4,40,3
188,2013100094,数据结构,UNCOMPULSORY,5,10,3
189,2013100095,计量经济学,COMPULSORY,2,20,3
190,2013100095,马原,UNCOMPULSORY,2,30,3
191,2013100096,大学语文,COMPULSORY,4,20,3
192,2013100096,人生哲学,UNCOMPULSORY,3,20,3
193,2013100097,程序设计,COMPULSORY,2,30,3
194,2013100097,数据结构,UNCOMPULSORY,5,30,3
195,2013100098,计量经济学,COMPULSORY,5,10,3
196,2013100098,马原,UNCOMPULSORY,4,30,3
197,2013100099,大学语文,COMPULSORY,4,10,3
198,2013100099,人生哲学,UNCOMPULSORY,4,20,3
199,2013100100,程序设计,COMPULSORY,5,10,3
200,2013100100,数据结构,UNCOMPULSORY,2,30,3
201,2013100101,计量经济学,COMPULSORY,2,30,3
202,2013100101,马原,UNCOMPULSORY,4,30,3
203,2013100102,大学语文,COMPULSORY,4,30,3
204,2013100102,人生哲学,UNCOMPULSORY,3,10,3
205,2013100103,程序设计,COMPULSORY,5,40,3
206,2013100103,数据结构,UNCOMPULSORY,5,40,3
207,2013100104,计量经济学,COMPULSORY,5,40,3
208,2013100104,马原,UNCOMPULSORY,4,30,3
209,2013100105,大学语文,COMPULSORY,2,40,3
210,2013100105,人生哲学,UNCOMPULSORY,2,30,3
211,2013100106,程序设计,COMPULSORY,5,10,3
212,2013100106,数据结构,UNCOMPULSORY,3,40,3
213,2013100107,计量经济学,COMPULSORY,5,40,3
214,2013100107,马原,UNCOMPULSORY,4,30,3
215,2013100108,大学语文,COMPULSORY,5,20,3
216,2013100108,人生哲学,UNCOMPULSORY,3,30,3
217,2013100109,程序设计,COMPULSORY,2,10,3
218,2013100109,数据结构,UNCOMPULSORY,5,40,3
219,2013100110,计量经济学,COMPULSORY,3,40,3
220,2013100110,马原,UNCOMPULSORY,4,10,3
221,2013100111,大学语文,COMPULSORY,4,40,3
222,2013100111,人生哲学,UNCOMPULSORY,5,20,3
223,2013100112,程序设计,COMPULSORY,5,30,3
224,2013100112,数据结构,UNCOMPULSORY,3,40,3
225,2013100113,计量经济学,COMPULSORY,5,10,3
226,2013100113,马原,UNCOMPULSORY,2,10,3
227,2013100114,大学语文,COMPULSORY,5,10,3
228,2013100114,人生哲学,UNCOMPULSORY,3,20,3
229,2013100115,程序设计,COMPULSORY,3,10,3
230,2013100115,数据结构,UNCOMPULSORY,2,10,3
231,2013100116,计量经济学,COMPULSORY,4,40,3
232,2013100116,马原,UNCOMPULSORY,4,30,3
233,2013100117,大学语文,COMPULSORY,4,40,3
234,2013100117,人生哲学,UNCOMPULSORY,3,30,3
235,2013100118,程序设计,COMPULSORY,4,40,3
236,2013100118,数据结构,UNCOMPULSORY,2,10,3
237,2013100119,计量经济学,COMPULSORY,3,20,3
238,2013100119,马原,UNCOMPULSORY,4,10,3
239,2013100120,大学语文,COMPULSORY,3,40,3
240,2013100120,人生哲学,UNCOMPULSORY,3,40,3
241,2013100121,程序设计,COMPULSORY,3,20,3
242,2013100121,数据结构,UNCOMPULSORY,3,20,3
243,2013100122,计量经济学,COMPULSORY,3,30,3
244,2013100122,马原,UNCOMPULSORY,3,10,3
245,2013100123,大学语文,COMPULSORY,2,20,3
246,2013100123,人生哲学,UNCOMPULSORY,5,30,3
247,2013100124,程序设计,COMPULSORY,5,30,3
248,2013100124,数据结构,UNCOMPULSORY,2,40,3
249,2013100125,计量经济学,COMPULSORY,3,30,3
250,2013100125,马原,UNCOMPULSORY,3,20,3
251,2013100126,大学语文,COMPULSORY,5,20,3
252,2013100126,人生哲学,UNCOMPULSORY,2,40,3
253,2013100127,程序设计,COMPULSORY,2,10,3
254,2013100127,数据结构,UNCOMPULSORY,4,30,3
255,2013100128,计量经济学,COMPULSORY,3,20,3
256,2013100128,马原,UNCOMPULSORY,4,30,3
257,2013100129,大学语文,COMPULSORY,2,10,3
258,2013100129,人生哲学,UNCOMPULSORY,3,30,3
259,2013100130,程序设计,COMPULSORY,5,40,3
260,2013100130,数据结构,UNCOMPULSORY,5,30,3
261,2013100131,计量经济学,COMPULSORY,2,10,3
262,2013100131,马原,UNCOMPULSORY,2,20,3
263,2013100132,大学语文,COMPULSORY,3,30,3
264,2013100132,人生哲学,UNCOMPULSORY,4,40,3
265,2013100133,程序设计,COMPULSORY,3,10,3
266,2013100133,数据结构,UNCOMPULSORY,5,30,3
267,2013100134,计量经济学,COMPULSORY,4,40,3
268,2013100134,马原,UNCOMPULSORY,5,30,3
269,2013100135,大学语文,COMPULSORY,3,30,3
270,2013100135,人生哲学,UNCOMPULSORY,4,40,3
271,2013100136,程序设计,COMPULSORY,5,10,3
272,2013100136,数据结构,UNCOMPULSORY,4,40,3
273,2013100137,计量经济学,COMPULSORY,2,20,3
274,2013100137,马原,UNCOMPULSORY,5,10,3
275,2013100138,大学语文,COMPULSORY,3,10,3
276,2013100138,人生哲学,UNCOMPULSORY,3,10,3
277,2013100139,程序设计,COMPULSORY,3,40,3
278,2013100139,数据结构,UNCOMPULSORY,4,40,3
279,2013100140,计量经济学,COMPULSORY,3,20,3
280,2013100140,马原,UNCOMPULSORY,4,30,3
281,2013100141,大学语文,COMPULSORY,2,40,3
282,2013100141,人生哲学,UNCOMPULSORY,5,40,3
283,2013100142,程序设计,COMPULSORY,4,40,3
284,2013100142,数据结构,UNCOMPULSORY,5,20,3
285,2013100143,计量经济学,COMPULSORY,2,10,3
286,2013100143,马原,UNCOMPULSORY,2,10,3
287,2013100144,大学语文,COMPULSORY,4,30,3
288,2013100144,人生哲学,UNCOMPULSORY,2,20,3
289,2013100145,程序设计,COMPULSORY,2,40,3
290,2013100145,数据结构,UNCOMPULSORY,5,20,3
291,2013100146,计量经济学,COMPULSORY,4,10,3
292,2013100146,马原,UNCOMPULSORY,4,10,3
293,2013100147,大学语文,COMPULSORY,3,30,3
294,2013100147,人生哲学,UNCOMPULSORY,2,40,3
295,2013100148,程序设计,COMPULSORY,2,20,3
296,2013100148,数据结构,UNCOMPULSORY,4,30,3
297,2013100149,计量经济学,COMPULSORY,2,40,3
298,2013100149,马原,UNCOMPULSORY,2,20,3
299,2013100150,大学语文,COMPULSORY,5,10,3
300,2013100150,人生哲学,UNCOMPULSORY,3,30,3
301,2013100151,程序设计,COMPULSORY,2,40,3
302,2013100151,数据结构,UNCOMPULSORY,3,10,3
303,2013100152,计量经济学,COMPULSORY,5,40,3
304,2013100152,马原,UNCOMPULSORY,3,20,3
305,2013100153,大学语文,COMPULSORY,4,10,3
306,2013100153,人生哲学,UNCOMPULSORY,5,30,3
307,2013100154,程序设计,COMPULSORY,3,10,3
308,2013100154,数据结构,UNCOMPULSORY,4,20,3
309,2013100155,计量经济学,COMPULSORY,3,40,3
310,2013100155,马原,UNCOMPULSORY,4,10,3
311,2013100156,大学语文,COMPULSORY,3,40,3
312,2013100156,人生哲学,UNCOMPULSORY,3,30,3
313,2013100157,程序设计,COMPULSORY,2,30,3
314,2013100157,数据结构,UNCOMPULSORY,4,40,3
315,2013100158,计量经济学,COMPULSORY,5,40,3
316,2013100158,马原,UNCOMPULSORY,5,40,3
317,2013100159,大学语文,COMPULSORY,4,40,3
318,2013100159,人生哲学,UNCOMPULSORY,2,20,3
319,2013100160,程序设计,COMPULSORY,5,40,3
320,2013100160,数据结构,UNCOMPULSORY,2,40,3
321,2013100161,计量经济学,COMPULSORY,2,40,3
322,2013100161,马原,UNCOMPULSORY,4,10,3
323,2013100162,大学语文,COMPULSORY,4,40,3
324,2013100162,人生哲学,UNCOMPULSORY,4,10,3
325,2013100163,程序设计,COMPULSORY,5,40,3
326,2013100163,数据结构,UNCOMPULSORY,4,30,3
327,2013100164,计量经济学,COMPULSORY,5,10,3
328,2013100164,马原,UNCOMPULSORY,2,10,3
329,2013100165,大学语文,COMPULSORY,3,10,3
330,2013100165,人生哲学,UNCOMPULSORY,4,40,3
331,2013100166,程序设计,COMPULSORY,3,20,3
332,2013100166,数据结构,UNCOMPULSORY,5,10,3
333,2013100167,计量经济学,COMPULSORY,2,30,3
334,2013100167,马原,UNCOMPULSORY,4,20,3
335,2013100168,大学语文,COMPULSORY,4,10,3
336,2013100168,人生哲学,UNCOMPULSORY,3,20,3
337,2013100169,程序设计,COMPULSORY,3,10,3
338,2013100169,数据结构,UNCOMPULSORY,3,30,3
339,2013100170,计量经济学,COMPULSORY,4,10,3
340,2013100170,马原,UNCOMPULSORY,3,10,3
341,2013100171,大学语文,COMPULSORY,3,30,3
342,2013100171,人生哲学,UNCOMPULSORY,5,20,3
343,2013100172,程序设计,COMPULSORY,2,10,3
344,2013100172,数据结构,UNCOMPULSORY,5,40,3
345,2013100173,计量经济学,COMPULSORY,3,20,3
346,2013100173,马原,UNCOMPULSORY,4,10,3
347,2013100174,大学语文,COMPULSORY,2,20,3
348,2013100174,人生哲学,UNCOMPULSORY,5,30,3
349,2013100175,程序设计,COMPULSORY,4,30,3
350,2013100175,数据结构,UNCOMPULSORY,2,30,3
351,2013100176,计量经济学,COMPULSORY,2,30,3
352,2013100176,马原,UNCOMPULSORY,2,30,3
353,2013100177,大学语文,COMPULSORY,5,10,3
354,2013100177,人生哲学,UNCOMPULSORY,2,20,3
355,2013100178,程序设计,COMPULSORY,3,30,3
356,2013100178,数据结构,UNCOMPULSORY,2,30,3
357,2013100179,计量经济学,COMPULSORY,4,30,3
358,2013100179,马原,UNCOMPULSORY,4,20,3
359,2013100180,大学语文,COMPULSORY,4,10,3
360,2013100180,人生哲学,UNCOMPULSORY,2,20,3
361,2013100181,程序设计,COMPULSORY,2,20,3
362,2013100181,数据结构,UNCOMPULSORY,2,20,3
363,2013100182,计量经济学,COMPULSORY,3,40,3
364,2013100182,马原,UNCOMPULSORY,3,30,3
365,2013100183,大学语文,COMPULSORY,4,20,3
366,2013100183,人生哲学,UNCOMPULSORY,3,20,3
367,2013100184,程序设计,COMPULSORY,3,30,3
368,2013100184,数据结构,UNCOMPULSORY,3,20,3
369,2013100185,计量经济学,COMPULSORY,5,30,3
370,2013100185,马原,UNCOMPULSORY,2,10,3
371,2013100186,大学语文,COMPULSORY,3,40,3
372,2013100186,人生哲学,UNCOMPULSORY,2,20,3
373,2013100187,程序设计,COMPULSORY,4,40,3
374,2013100187,数据结构,UNCOMPULSORY,4,20,3
375,2013100188,计量经济学,COMPULSORY,3,10,3
376,2013100188,马原,UNCOMPULSORY,4,20,3
377,2013100189,大学语文,COMPULSORY,4,40,3
378,2013100189,人生哲学,UNCOMPULSORY,3,30,3
379,2013100190,程序设计,COMPULSORY,2,30,3
380,2013100190,数据结构,UNCOMPULSORY,4,10,3
381,2013100191,计量经济学,COMPULSORY,3,30,3
382,2013100191,马原,UNCOMPULSORY,5,20,3
383,2013100192,大学语文,COMPULSORY,4,30,3
384,2013100192,人生哲学,UNCOMPULSORY,4,20,3
385,2013100193,程序设计,COMPULSORY,3,30,3
386,2013100193,数据结构,UNCOMPULSORY,4,40,3
387,2013100194,计量经济学,COMPULSORY,4,30,3
388,2013100194,马原,UNCOMPULSORY,2,20,3
389,2013100195,大学语文,COMPULSORY,2,10,3
390,2013100195,人生哲学,UNCOMPULSORY,5,20,3
391,2013100196,程序设计,COMPULSORY,2,20,3
392,2013100196,数据结构,UNCOMPULSORY,4,40,3
393,2013100197,计量经济学,COMPULSORY,3,30,3
394,2013100197,马原,UNCOMPULSORY,3,20,3
395,2013100198,大学语文,COMPULSORY,2,10,3
396,2013100198,人生哲学,UNCOMPULSORY,5,40,3
397,2013100199,程序设计,COMPULSORY,4,30,3
398,2013100199,数据结构,UNCOMPULSORY,2,10,3
399,2015100000,计量经济学,COMPULSORY,2,10,3
400,2015100000,马原,UNCOMPULSORY,4,10,3
401,2015100001,大学语文,COMPULSORY,2,20,3
402,2015100001,人生哲学,UNCOMPULSORY,4,10,3
403,2015100002,程序设计,COMPULSORY,4,20,3
404,2015100002,数据结构,UNCOMPULSORY,5,20,3
405,2015100003,计量经济学,COMPULSORY,2,40,3
406,2015100003,马原,UNCOMPULSORY,4,20,3
407,2015100004,大学语文,COMPULSORY,2,20,3
408,2015100004,人生哲学,UNCOMPULSORY,5,40,3
409,2015100005,程序设计,COMPULSORY,4,20,3
410,2015100005,数据结构,UNCOMPULSORY,4,10,3
411,2015100006,计量经济学,COMPULSORY,4,10,3
412,2015100006,马原,UNCOMPULSORY,2,30,3
413,2015100007,大学语文,COMPULSORY,5,40,3
414,2015100007,人生哲学,UNCOMPULSORY,2,10,3
415,2015100008,程序设计,COMPULSORY,4,40,3
416,2015100008,数据结构,UNCOMPULSORY,2,30,3
417,2015100009,计量经济学,COMPULSORY,2,20,3
418,2015100009,马原,UNCOMPULSORY,2,40,3
419,2015100010,大学语文,COMPULSORY,4,10,3
420,2015100010,人生哲学,UNCOMPULSORY,5,30,3
421,2015100011,程序设计,COMPULSORY,4,20,3
422,2015100011,数据结构,UNCOMPULSORY,4,30,3
423,2015100012,计量经济学,COMPULSORY,3,10,3
424,2015100012,马原,UNCOMPULSORY,4,30,3
425,2015100013,大学语文,COMPULSORY,4,30,3
426,2015100013,人生哲学,UNCOMPULSORY,3,10,3
427,2015100014,程序设计,COMPULSORY,2,30,3
428,2015100014,数据结构,UNCOMPULSORY,4,30,3
429,2015100015,计量经济学,COMPULSORY,2,30,3
430,2015100015,马原,UNCOMPULSORY,5,20,3
431,2015100016,大学语文,COMPULSORY,4,10,3
432,2015100016,人生哲学,UNCOMPULSORY,2,10,3
433,2015100017,程序设计,COMPULSORY,5,40,3
434,2015100017,数据结构,UNCOMPULSORY,4,30,3
435,2015100018,计量经济学,COMPULSORY,3,10,3
436,2015100018,马原,UNCOMPULSORY,5,30,3
437,2015100019,大学语文,COMPULSORY,5,20,3
438,2015100019,人生哲学,UNCOMPULSORY,3,30,3
439,2015100020,程序设计,COMPULSORY,2,40,3
440,2015100020,数据结构,UNCOMPULSORY,4,20,3
441,2015100021,计量经济学,COMPULSORY,4,10,3
442,2015100021,马原,UNCOMPULSORY,5,10,3
443,2015100022,大学语文,COMPULSORY,4,10,3
444,2015100022,人生哲学,UNCOMPULSORY,4,10,3
445,2015100023,程序设计,COMPULSORY,5,10,3
446,2015100023,数据结构,UNCOMPULSORY,2,30,3
447,2015100024,计量经济学,COMPULSORY,5,40,3
448,2015100024,马原,UNCOMPULSORY,2,10,3
449,2015100025,大学语文,COMPULSORY,4,30,3
450,2015100025,人生哲学,UNCOMPULSORY,4,20,3
451,2015100026,程序设计,COMPULSORY,3,40,3
452,2015100026,数据结构,UNCOMPULSORY,3,20,3
453,2015100027,计量经济学,COMPULSORY,2,20,3
454,2015100027,马原,UNCOMPULSORY,5,30,3
455,2015100028,大学语文,COMPULSORY,3,40,3
456,2015100028,人生哲学,UNCOMPULSORY,4,10,3
457,2015100029,程序设计,COMPULSORY,3,40,3
458,2015100029,数据结构,UNCOMPULSORY,3,40,3
459,2015100030,计量经济学,COMPULSORY,3,20,3
460,2015100030,马原,UNCOMPULSORY,5,40,3
461,2015100031,大学语文,COMPULSORY,3,10,3
462,2015100031,人生哲学,UNCOMPULSORY,4,20,3
463,2015100032,程序设计,COMPULSORY,3,30,3
464,2015100032,数据结构,UNCOMPULSORY,3,10,3
465,2015100033,计量经济学,COMPULSORY,2,30,3
466,2015100033,马原,UNCOMPULSORY,4,10,3
467,2015100034,大学语文,COMPULSORY,2,20,3
468,2015100034,人生哲学,UNCOMPULSORY,4,10,3
469,2015100035,程序设计,COMPULSORY,3,40,3
470,2015100035,数据结构,UNCOMPULSORY,2,40,3
471,2015100036,计量经济学,COMPULSORY,5,30,3
472,2015100036,马原,UNCOMPULSORY,4,20,3
473,2015100037,大学语文,COMPULSORY,5,30,3
474,2015100037,人生哲学,UNCOMPULSORY,3,20,3
475,2015100038,程序设计,COMPULSORY,4,40,3
476,2015100038,数据结构,UNCOMPULSORY,2,20,3
477,2015100039,计量经济学,COMPULSORY,5,30,3
478,2015100039,马原,UNCOMPULSORY,2,30,3
479,2015100040,大学语文,COMPULSORY,5,10,3
480,2015100040,人生哲学,UNCOMPULSORY,2,30,3
481,2015100041,程序设计,COMPULSORY,2,10,3
482,2015100041,数据结构,UNCOMPULSORY,5,10,3
483,2015100042,计量经济学,COMPULSORY,4,20,3
484,2015100042,马原,UNCOMPULSORY,4,40,3
485,2015100043,大学语文,COMPULSORY,3,10,3
486,2015100043,人生哲学,UNCOMPULSORY,4,30,3
487,2015100044,程序设计,COMPULSORY,3,20,3
488,2015100044,数据结构,UNCOMPULSORY,4,30,3
489,2015100045,计量经济学,COMPULSORY,4,10,3
490,2015100045,马原,UNCOMPULSORY,5,20,3
491,2015100046,大学语文,COMPULSORY,4,20,3
492,2015100046,人生哲学,UNCOMPULSORY,4,40,3
493,2015100047,程序设计,COMPULSORY,5,10,3
494,2015100047,数据结构,UNCOMPULSORY,4,20,3
495,2015100048,计量经济学,COMPULSORY,4,30,3
496,2015100048,马原,UNCOMPULSORY,2,10,3
497,2015100049,大学语文,COMPULSORY,2,20,3
498,2015100049,人生哲学,UNCOMPULSORY,5,30,3
499,2015100050,程序设计,COMPULSORY,5,30,3
500,2015100050,数据结构,UNCOMPULSORY,3,30,3
501,2015100051,计量经济学,COMPULSORY,3,30,3
502,2015100051,马原,UNCOMPULSORY,5,40,3
503,2015100052,大学语文,COMPULSORY,3,10,3
504,2015100052,人生哲学,UNCOMPULSORY,2,40,3
505,2015100053,程序设计,COMPULSORY,5,40,3
506,2015100053,数据结构,UNCOMPULSORY,5,20,3
507,2015100054,计量经济学,COMPULSORY,4,40,3
508,2015100054,马原,UNCOMPULSORY,3,30,3
509,2015100055,大学语文,COMPULSORY,5,10,3
510,2015100055,人生哲学,UNCOMPULSORY,4,30,3
511,2015100056,程序设计,COMPULSORY,3,40,3
512,2015100056,数据结构,UNCOMPULSORY,4,30,3
513,2015100057,计量经济学,COMPULSORY,2,30,3
514,2015100057,马原,UNCOMPULSORY,3,10,3
515,2015100058,大学语文,COMPULSORY,5,40,3
516,2015100058,人生哲学,UNCOMPULSORY,3,40,3
517,2015100059,程序设计,COMPULSORY,2,30,3
518,2015100059,数据结构,UNCOMPULSORY,4,30,3
519,2015100060,计量经济学,COMPULSORY,3,20,3
520,2015100060,马原,UNCOMPULSORY,5,40,3
521,2015100061,大学语文,COMPULSORY,2,10,3
522,2015100061,人生哲学,UNCOMPULSORY,4,20,3
523,2015100062,程序设计,COMPULSORY,2,10,3
524,2015100062,数据结构,UNCOMPULSORY,2,30,3
525,2015100063,计量经济学,COMPULSORY,2,40,3
526,2015100063,马原,UNCOMPULSORY,2,20,3
527,2015100064,大学语文,COMPULSORY,2,20,3
528,2015100064,人生哲学,UNCOMPULSORY,2,30,3
529,2015100065,程序设计,COMPULSORY,5,30,3
530,2015100065,数据结构,UNCOMPULSORY,3,30,3
531,2015100066,计量经济学,COMPULSORY,2,20,3
532,2015100066,马原,UNCOMPULSORY,4,10,3
533,2015100067,大学语文,COMPULSORY,4,10,3
534,2015100067,人生哲学,UNCOMPULSORY,5,30,3
535,2015100068,程序设计,COMPULSORY,3,20,3
536,2015100068,数据结构,UNCOMPULSORY,5,30,3
537,2015100069,计量经济学,COMPULSORY,5,10,3
538,2015100069,马原,UNCOMPULSORY,2,10,3
539,2015100070,大学语文,COMPULSORY,3,40,3
540,2015100070,人生哲学,UNCOMPULSORY,5,30,3
541,2015100071,程序设计,COMPULSORY,4,40,3
542,2015100071,数据结构,UNCOMPULSORY,3,20,3
543,2015100072,计量经济学,COMPULSORY,3,20,3
544,2015100072,马原,UNCOMPULSORY,5,10,3
545,2015100073,大学语文,COMPULSORY,5,10,3
546,2015100073,人生哲学,UNCOMPULSORY,4,20,3
547,2015100074,程序设计,COMPULSORY,2,20,3
548,2015100074,数据结构,UNCOMPULSORY,4,40,3
549,2015100075,计量经济学,COMPULSORY,4,40,3
550,2015100075,马原,UNCOMPULSORY,4,40,3
551,2015100076,大学语文,COMPULSORY,5,10,3
552,2015100076,人生哲学,UNCOMPULSORY,5,30,3
553,2015100077,程序设计,COMPULSORY,4,10,3
554,2015100077,数据结构,UNCOMPULSORY,3,30,3
555,2015100078,计量经济学,COMPULSORY,2,40,3
556,2015100078,马原,UNCOMPULSORY,3,30,3
557,2015100079,大学语文,COMPULSORY,4,40,3
558,2015100079,人生哲学,UNCOMPULSORY,4,30,3
559,2015100080,程序设计,COMPULSORY,2,30,3
560,2015100080,数据结构,UNCOMPULSORY,2,10,3
561,2015100081,计量经济学,COMPULSORY,2,10,3
562,2015100081,马原,UNCOMPULSORY,5,20,3
563,2015100082,大学语文,COMPULSORY,4,40,3
564,2015100082,人生哲学,UNCOMPULSORY,4,20,3
565,2015100083,程序设计,COMPULSORY,5,10,3
566,2015100083,数据结构,UNCOMPULSORY,3,20,3
567,2015100084,计量经济学,COMPULSORY,4,20,3
568,2015100084,马原,UNCOMPULSORY,2,20,3
569,2015100085,大学语文,COMPULSORY,4,30,3
570,2015100085,人生哲学,UNCOMPULSORY,3,10,3
571,2015100086,程序设计,COMPULSORY,2,40,3
572,2015100086,数据结构,UNCOMPULSORY,3,40,3
573,2015100087,计量经济学,COMPULSORY,5,10,3
574,2015100087,马原,UNCOMPULSORY,2,40,3
575,2015100088,大学语文,COMPULSORY,4,30,3
576,2015100088,人生哲学,UNCOMPULSORY,3,10,3
577,2015100089,程序设计,COMPULSORY,5,40,3
578,2015100089,数据结构,UNCOMPULSORY,3,40,3
579,2015100090,计量经济学,COMPULSORY,2,30,3
580,2015100090,马原,UNCOMPULSORY,2,10,3
581,2015100091,大学语文,COMPULSORY,5,30,3
582,2015100091,人生哲学,UNCOMPULSORY,2,30,3
583,2015100092,程序设计,COMPULSORY,4,30,3
584,2015100092,数据结构,UNCOMPULSORY,5,30,3
585,2015100093,计量经济学,COMPULSORY,2,10,3
586,2015100093,马原,UNCOMPULSORY,3,10,3
587,2015100094,大学语文,COMPULSORY,2,40,3
588,2015100094,人生哲学,UNCOMPULSORY,5,10,3
589,2015100095,程序设计,COMPULSORY,2,20,3
590,2015100095,数据结构,UNCOMPULSORY,2,40,3
591,2015100096,计量经济学,COMPULSORY,4,20,3
592,2015100096,马原,UNCOMPULSORY,2,40,3
593,2015100097,大学语文,COMPULSORY,5,40,3
594,2015100097,人生哲学,UNCOMPULSORY,3,30,3
595,2015100098,程序设计,COMPULSORY,2,40,3
596,2015100098,数据结构,UNCOMPULSORY,4,40,3
597,2015100099,计量经济学,COMPULSORY,2,20,3
598,2015100099,马原,UNCOMPULSORY,5,40,3
599,2015100100,大学语文,COMPULSORY,4,20,3
600,2015100100,人生哲学,UNCOMPULSORY,2,20,3
601,2015100101,程序设计,COMPULSORY,3,20,3
602,2015100101,数据结构,UNCOMPULSORY,2,40,3
603,2015100102,计量经济学,COMPULSORY,3,30,3
604,2015100102,马原,UNCOMPULSORY,2,20,3
605,2015100103,大学语文,COMPULSORY,4,10,3
606,2015100103,人生哲学,UNCOMPULSORY,5,10,3
607,2015100104,程序设计,COMPULSORY,5,20,3
608,2015100104,数据结构,UNCOMPULSORY,4,10,3
609,2015100105,计量经济学,COMPULSORY,3,30,3
610,2015100105,马原,UNCOMPULSORY,3,40,3
611,2015100106,大学语文,COMPULSORY,5,30,3
612,2015100106,人生哲学,UNCOMPULSORY,3,30,3
613,2015100107,程序设计,COMPULSORY,3,40,3
614,2015100107,数据结构,UNCOMPULSORY,2,10,3
615,2015100108,计量经济学,COMPULSORY,2,40,3
616,2015100108,马原,UNCOMPULSORY,3,30,3
617,2015100109,大学语文,COMPULSORY,3,30,3
618,2015100109,人生哲学,UNCOMPULSORY,5,40,3
619,2015100110,程序设计,COMPULSORY,5,20,3
620,2015100110,数据结构,UNCOMPULSORY,4,10,3
621,2015100111,计量经济学,COMPULSORY,4,30,3
622,2015100111,马原,UNCOMPULSORY,4,10,3
623,2015100112,大学语文,COMPULSORY,5,10,3
624,2015100112,人生哲学,UNCOMPULSORY,5,20,3
625,2015100113,程序设计,COMPULSORY,5,10,3
626,2015100113,数据结构,UNCOMPULSORY,4,20,3
627,2015100114,计量经济学,COMPULSORY,2,20,3
628,2015100114,马原,UNCOMPULSORY,5,20,3
629,2015100115,大学语文,COMPULSORY,2,10,3
630,2015100115,人生哲学,UNCOMPULSORY,4,40,3
631,2015100116,程序设计,COMPULSORY,2,30,3
632,2015100116,数据结构,UNCOMPULSORY,4,10,3
633,2015100117,计量经济学,COMPULSORY,2,40,3
634,2015100117,马原,UNCOMPULSORY,5,10,3
635,2015100118,大学语文,COMPULSORY,4,20,3
636,2015100118,人生哲学,UNCOMPULSORY,2,40,3
637,2015100119,程序设计,COMPULSORY,5,40,3
638,2015100119,数据结构,UNCOMPULSORY,3,10,3
639,2015100120,计量经济学,COMPULSORY,2,20,3
640,2015100120,马原,UNCOMPULSORY,5,20,3
641,2015100121,大学语文,COMPULSORY,5,10,3
642,2015100121,人生哲学,UNCOMPULSORY,3,20,3
643,2015100122,程序设计,COMPULSORY,5,30,3
644,2015100122,数据结构,UNCOMPULSORY,2,40,3
645,2015100123,计量经济学,COMPULSORY,5,40,3
646,2015100123,马原,UNCOMPULSORY,5,40,3
647,2015100124,大学语文,COMPULSORY,5,40,3
648,2015100124,人生哲学,UNCOMPULSORY,5,20,3
649,2015100125,程序设计,COMPULSORY,5,20,3
650,2015100125,数据结构,UNCOMPULSORY,3,20,3
651,2015100126,计量经济学,COMPULSORY,2,10,3
652,2015100126,马原,UNCOMPULSORY,2,40,3
653,2015100127,大学语文,COMPULSORY,2,40,3
654,2015100127,人生哲学,UNCOMPULSORY,5,30,3
655,2015100128,程序设计,COMPULSORY,2,30,3
656,2015100128,数据结构,UNCOMPULSORY,3,20,3
657,2015100129,计量经济学,COMPULSORY,3,40,3
658,2015100129,马原,UNCOMPULSORY,4,10,3
659,2015100130,大学语文,COMPULSORY,2,30,3
660,2015100130,人生哲学,UNCOMPULSORY,3,20,3
661,2015100131,程序设计,COMPULSORY,4,40,3
662,2015100131,数据结构,UNCOMPULSORY,4,20,3
663,2015100132,计量经济学,COMPULSORY,4,40,3
664,2015100132,马原,UNCOMPULSORY,2,40,3
665,2015100133,大学语文,COMPULSORY,2,30,3
666,2015100133,人生哲学,UNCOMPULSORY,2,30,3
667,2015100134,程序设计,COMPULSORY,4,40,3
668,2015100134,数据结构,UNCOMPULSORY,4,20,3
669,2015100135,计量经济学,COMPULSORY,5,20,3
670,2015100135,马原,UNCOMPULSORY,2,40,3
671,2015100136,大学语文,COMPULSORY,2,30,3
672,2015100136,人生哲学,UNCOMPULSORY,4,10,3
673,2015100137,程序设计,COMPULSORY,4,10,3
674,2015100137,数据结构,UNCOMPULSORY,4,10,3
675,2015100138,计量经济学,COMPULSORY,2,30,3
676,2015100138,马原,UNCOMPULSORY,2,10,3
677,2015100139,大学语文,COMPULSORY,5,30,3
678,2015100139,人生哲学,UNCOMPULSORY,2,10,3
679,2015100140,程序设计,COMPULSORY,2,30,3
680,2015100140,数据结构,UNCOMPULSORY,4,30,3
681,2015100141,计量经济学,COMPULSORY,3,20,3
682,2015100141,马原,UNCOMPULSORY,5,10,3
683,2015100142,大学语文,COMPULSORY,2,20,3
684,2015100142,人生哲学,UNCOMPULSORY,5,30,3
685,2015100143,程序设计,COMPULSORY,5,10,3
686,2015100143,数据结构,UNCOMPULSORY,3,10,3
687,2015100144,计量经济学,COMPULSORY,5,10,3
688,2015100144,马原,UNCOMPULSORY,4,30,3
689,2015100145,大学语文,COMPULSORY,4,10,3
690,2015100145,人生哲学,UNCOMPULSORY,2,20,3
691,2015100146,程序设计,COMPULSORY,4,10,3
692,2015100146,数据结构,UNCOMPULSORY,3,10,3
693,2015100147,计量经济学,COMPULSORY,2,30,3
694,2015100147,马原,UNCOMPULSORY,4,20,3
695,2015100148,大学语文,COMPULSORY,2,40,3
696,2015100148,人生哲学,UNCOMPULSORY,2,20,3
697,2015100149,程序设计,COMPULSORY,4,20,3
698,2015100149,数据结构,UNCOMPULSORY,2,10,3
699,2015100150,计量经济学,COMPULSORY,5,20,3
700,2015100150,马原,UNCOMPULSORY,4,20,3
701,2015100151,大学语文,COMPULSORY,4,10,3
702,2015100151,人生哲学,UNCOMPULSORY,5,40,3
703,2015100152,程序设计,COMPULSORY,5,30,3
704,2015100152,数据结构,UNCOMPULSORY,3,30,3
705,2015100153,计量经济学,COMPULSORY,4,30,3
706,2015100153,马原,UNCOMPULSORY,4,20,3
707,2015100154,大学语文,COMPULSORY,4,40,3
708,2015100154,人生哲学,UNCOMPULSORY,3,40,3
709,2015100155,程序设计,COMPULSORY,2,30,3
710,2015100155,数据结构,UNCOMPULSORY,4,40,3
711,2015100156,计量经济学,COMPULSORY,5,10,3
712,2015100156,马原,UNCOMPULSORY,5,20,3
713,2015100157,大学语文,COMPULSORY,4,10,3
714,2015100157,人生哲学,UNCOMPULSORY,4,30,3
715,2015100158,程序设计,COMPULSORY,4,30,3
716,2015100158,数据结构,UNCOMPULSORY,3,30,3
717,2015100159,计量经济学,COMPULSORY,3,40,3
718,2015100159,马原,UNCOMPULSORY,4,20,3
719,2015100160,大学语文,COMPULSORY,4,20,3
720,2015100160,人生哲学,UNCOMPULSORY,2,10,3
721,2015100161,程序设计,COMPULSORY,3,10,3
722,2015100161,数据结构,UNCOMPULSORY,2,40,3
723,2015100162,计量经济学,COMPULSORY,2,20,3
724,2015100162,马原,UNCOMPULSORY,5,10,3
725,2015100163,大学语文,COMPULSORY,2,40,3
726,2015100163,人生哲学,UNCOMPULSORY,3,40,3
727,2015100164,程序设计,COMPULSORY,2,30,3
728,2015100164,数据结构,UNCOMPULSORY,5,20,3
729,2015100165,计量经济学,COMPULSORY,2,10,3
730,2015100165,马原,UNCOMPULSORY,2,20,3
731,2015100166,大学语文,COMPULSORY,2,20,3
732,2015100166,人生哲学,UNCOMPULSORY,4,20,3
733,2015100167,程序设计,COMPULSORY,3,30,3
734,2015100167,数据结构,UNCOMPULSORY,2,20,3
735,2015100168,计量经济学,COMPULSORY,4,20,3
736,2015100168,马原,UNCOMPULSORY,4,20,3
737,2015100169,大学语文,COMPULSORY,5,10,3
738,2015100169,人生哲学,UNCOMPULSORY,3,30,3
739,2015100170,程序设计,COMPULSORY,5,30,3
740,2015100170,数据结构,UNCOMPULSORY,4,40,3
741,2015100171,计量经济学,COMPULSORY,4,40,3
742,2015100171,马原,UNCOMPULSORY,4,20,3
743,2015100172,大学语文,COMPULSORY,3,40,3
744,2015100172,人生哲学,UNCOMPULSORY,2,10,3
745,2015100173,程序设计,COMPULSORY,2,10,3
746,2015100173,数据结构,UNCOMPULSORY,5,10,3
747,2015100174,计量经济学,COMPULSORY,4,40,3
748,2015100174,马原,UNCOMPULSORY,2,30,3
749,2015100175,大学语文,COMPULSORY,4,10,3
750,2015100175,人生哲学,UNCOMPULSORY,4,20,3
751,2015100176,程序设计,COMPULSORY,2,20,3
752,2015100176,数据结构,UNCOMPULSORY,3,20,3
753,2015100177,计量经济学,COMPULSORY,5,30,3
754,2015100177,马原,UNCOMPULSORY,2,40,3
755,2015100178,大学语文,COMPULSORY,5,20,3
756,2015100178,人生哲学,UNCOMPULSORY,2,10,3
757,2015100179,程序设计,COMPULSORY,3,30,3
758,2015100179,数据结构,UNCOMPULSORY,2,20,3
759,2015100180,计量经济学,COMPULSORY,3,20,3
760,2015100180,马原,UNCOMPULSORY,5,40,3
761,2015100181,大学语文,COMPULSORY,4,20,3
762,2015100181,人生哲学,UNCOMPULSORY,5,20,3
763,2015100182,程序设计,COMPULSORY,4,30,3
764,2015100182,数据结构,UNCOMPULSORY,4,30,3
765,2015100183,计量经济学,COMPULSORY,2,30,3
766,2015100183,马原,UNCOMPULSORY,3,30,3
767,2015100184,大学语文,COMPULSORY,5,10,3
768,2015100184,人生哲学,UNCOMPULSORY,5,20,3
769,2015100185,程序设计,COMPULSORY,2,20,3
770,2015100185,数据结构,UNCOMPULSORY,2,40,3
771,2015100186,计量经济学,COMPULSORY,5,40,3
772,2015100186,马原,UNCOMPULSORY,4,40,3
773,2015100187,大学语文,COMPULSORY,2,30,3
774,2015100187,人生哲学,UNCOMPULSORY,4,10,3
775,2015100188,程序设计,COMPULSORY,2,40,3
776,2015100188,数据结构,UNCOMPULSORY,5,20,3
777,2015100189,计量经济学,COMPULSORY,2,30,3
778,2015100189,马原,UNCOMPULSORY,2,10,3
779,2015100190,大学语文,COMPULSORY,3,30,3
780,2015100190,人生哲学,UNCOMPULSORY,5,30,3
781,2015100191,程序设计,COMPULSORY,5,30,3
782,2015100191,数据结构,UNCOMPULSORY,4,20,3
783,2015100192,计量经济学,COMPULSORY,4,40,3
784,2015100192,马原,UNCOMPULSORY,2,20,3
785,2015100193,大学语文,COMPULSORY,5,30,3
786,2015100193,人生哲学,UNCOMPULSORY,2,20,3
787,2015100194,程序设计,COMPULSORY,2,40,3
788,2015100194,数据结构,UNCOMPULSORY,5,20,3
789,2015100195,计量经济学,COMPULSORY,2,40,3
790,2015100195,马原,UNCOMPULSORY,4,40,3
791,2015100196,大学语文,COMPULSORY,2,10,3
792,2015100196,人生哲学,UNCOMPULSORY,4,30,3
793,2015100197,程序设计,COMPULSORY,4,30,3
794,2015100197,数据结构,UNCOMPULSORY,5,30,3
795,2015100198,计量经济学,COMPULSORY,3,10,3
796,2015100198,马原,UNCOMPULSORY,5,30,3
797,2015100199,大学语文,COMPULSORY,2,10,3
798,2015100199,人生哲学,UNCOMPULSORY,4,40,3
799,2016100000,程序设计,COMPULSORY,4,40,3
800,2016100000,数据结构,UNCOMPULSORY,4,20,3
801,2016100001,计量经济学,COMPULSORY,5,10,3
802,2016100001,马原,UNCOMPULSORY,2,40,3
803,2016100002,大学语文,COMPULSORY,3,40,3
804,2016100002,人生哲学,UNCOMPULSORY,5,40,3
805,2016100003,程序设计,COMPULSORY,3,10,3
806,2016100003,数据结构,UNCOMPULSORY,4,20,3
807,2016100004,计量经济学,COMPULSORY,3,20,3
808,2016100004,马原,UNCOMPULSORY,2,30,3
809,2016100005,大学语文,COMPULSORY,2,10,3
810,2016100005,人生哲学,UNCOMPULSORY,5,20,3
811,2016100006,程序设计,COMPULSORY,5,30,3
812,2016100006,数据结构,UNCOMPULSORY,2,20,3
813,2016100007,计量经济学,COMPULSORY,3,20,3
814,2016100007,马原,UNCOMPULSORY,2,20,3
815,2016100008,大学语文,COMPULSORY,4,20,3
816,2016100008,人生哲学,UNCOMPULSORY,5,30,3
817,2016100009,程序设计,COMPULSORY,4,40,3
818,2016100009,数据结构,UNCOMPULSORY,4,10,3
819,2016100010,计量经济学,COMPULSORY,4,10,3
820,2016100010,马原,UNCOMPULSORY,3,40,3
821,2016100011,大学语文,COMPULSORY,3,20,3
822,2016100011,人生哲学,UNCOMPULSORY,2,40,3
823,2016100012,程序设计,COMPULSORY,4,20,3
824,2016100012,数据结构,UNCOMPULSORY,4,20,3
825,2016100013,计量经济学,COMPULSORY,5,20,3
826,2016100013,马原,UNCOMPULSORY,2,30,3
827,2016100014,大学语文,COMPULSORY,4,10,3
828,2016100014,人生哲学,UNCOMPULSORY,5,20,3
829,2016100015,程序设计,COMPULSORY,4,10,3
830,2016100015,数据结构,UNCOMPULSORY,3,10,3
831,2016100016,计量经济学,COMPULSORY,4,20,3
832,2016100016,马原,UNCOMPULSORY,5,20,3
833,2016100017,大学语文,COMPULSORY,3,40,3
834,2016100017,人生哲学,UNCOMPULSORY,2,30,3
835,2016100018,程序设计,COMPULSORY,5,20,3
836,2016100018,数据结构,UNCOMPULSORY,4,40,3
837,2016100019,计量经济学,COMPULSORY,3,40,3
838,2016100019,马原,UNCOMPULSORY,2,20,3
839,2016100020,大学语文,COMPULSORY,2,30,3
840,2016100020,人生哲学,UNCOMPULSORY,4,40,3
841,2016100021,程序设计,COMPULSORY,5,10,3
842,2016100021,数据结构,UNCOMPULSORY,5,40,3
843,2016100022,计量经济学,COMPULSORY,5,20,3
844,2016100022,马原,UNCOMPULSORY,2,40,3
845,2016100023,大学语文,COMPULSORY,5,10,3
846,2016100023,人生哲学,UNCOMPULSORY,4,30,3
847,2016100024,程序设计,COMPULSORY,4,30,3
848,2016100024,数据结构,UNCOMPULSORY,4,20,3
849,2016100025,计量经济学,COMPULSORY,3,10,3
850,2016100025,马原,UNCOMPULSORY,3,30,3
851,2016100026,大学语文,COMPULSORY,2,30,3
852,2016100026,人生哲学,UNCOMPULSORY,2,40,3
853,2016100027,程序设计,COMPULSORY,5,20,3
854,2016100027,数据结构,UNCOMPULSORY,3,30,3
855,2016100028,计量经济学,COMPULSORY,3,20,3
856,2016100028,马原,UNCOMPULSORY,4,20,3
857,2016100029,大学语文,COMPULSORY,5,40,3
858,2016100029,人生哲学,UNCOMPULSORY,2,10,3
859,2016100030,程序设计,COMPULSORY,3,10,3
860,2016100030,数据结构,UNCOMPULSORY,5,10,3
861,2016100031,计量经济学,COMPULSORY,2,40,3
862,2016100031,马原,UNCOMPULSORY,2,10,3
863,2016100032,大学语文,COMPULSORY,3,30,3
864,2016100032,人生哲学,UNCOMPULSORY,5,40,3
865,2016100033,程序设计,COMPULSORY,4,20,3
866,2016100033,数据结构,UNCOMPULSORY,5,20,3
867,2016100034,计量经济学,COMPULSORY,3,20,3
868,2016100034,马原,UNCOMPULSORY,3,20,3
869,2016100035,大学语文,COMPULSORY,5,10,3
870,2016100035,人生哲学,UNCOMPULSORY,3,20,3
871,2016100036,程序设计,COMPULSORY,3,30,3
872,2016100036,数据结构,UNCOMPULSORY,2,10,3
873,2016100037,计量经济学,COMPULSORY,5,10,3
874,2016100037,马原,UNCOMPULSORY,5,30,3
875,2016100038,大学语文,COMPULSORY,4,20,3
876,2016100038,人生哲学,UNCOMPULSORY,5,40,3
877,2016100039,程序设计,COMPULSORY,2,20,3
878,2016100039,数据结构,UNCOMPULSORY,3,30,3
879,2016100040,计量经济学,COMPULSORY,4,30,3
880,2016100040,马原,UNCOMPULSORY,2,40,3
881,2016100041,大学语文,COMPULSORY,5,10,3
882,2016100041,人生哲学,UNCOMPULSORY,5,10,3
883,2016100042,程序设计,COMPULSORY,3,20,3
884,2016100042,数据结构,UNCOMPULSORY,5,30,3
885,2016100043,计量经济学,COMPULSORY,4,40,3
886,2016100043,马原,UNCOMPULSORY,3,40,3
887,2016100044,大学语文,COMPULSORY,5,40,3
888,2016100044,人生哲学,UNCOMPULSORY,5,40,3
889,2016100045,程序设计,COMPULSORY,4,30,3
890,2016100045,数据结构,UNCOMPULSORY,2,10,3
891,2016100046,计量经济学,COMPULSORY,2,20,3
892,2016100046,马原,UNCOMPULSORY,2,10,3
893,2016100047,大学语文,COMPULSORY,5,30,3
894,2016100047,人生哲学,UNCOMPULSORY,2,10,3
895,2016100048,程序设计,COMPULSORY,2,40,3
896,2016100048,数据结构,UNCOMPULSORY,4,20,3
897,2016100049,计量经济学,COMPULSORY,2,20,3
898,2016100049,马原,UNCOMPULSORY,4,10,3
899,2016100050,大学语文,COMPULSORY,3,40,3
900,2016100050,人生哲学,UNCOMPULSORY,5,40,3
901,2016100051,程序设计,COMPULSORY,3,40,3
902,2016100051,数据结构,UNCOMPULSORY,3,40,3
903,2016100052,计量经济学,COMPULSORY,5,30,3
904,2016100052,马原,UNCOMPULSORY,3,30,3
905,2016100053,大学语文,COMPULSORY,2,30,3
906,2016100053,人生哲学,UNCOMPULSORY,3,40,3
907,2016100054,程序设计,COMPULSORY,4,30,3
908,2016100054,数据结构,UNCOMPULSORY,2,30,3
909,2016100055,计量经济学,COMPULSORY,2,30,3
910,2016100055,马原,UNCOMPULSORY,2,10,3
911,2016100056,大学语文,COMPULSORY,3,10,3
912,2016100056,人生哲学,UNCOMPULSORY,3,10,3
913,2016100057,程序设计,COMPULSORY,2,10,3
914,2016100057,数据结构,UNCOMPULSORY,2,40,3
915,2016100058,计量经济学,COMPULSORY,4,30,3
916,2016100058,马原,UNCOMPULSORY,4,10,3
917,2016100059,大学语文,COMPULSORY,2,20,3
918,2016100059,人生哲学,UNCOMPULSORY,4,40,3
919,2016100060,程序设计,COMPULSORY,2,20,3
920,2016100060,数据结构,UNCOMPULSORY,5,30,3
921,2016100061,计量经济学,COMPULSORY,2,40,3
922,2016100061,马原,UNCOMPULSORY,4,40,3
923,2016100062,大学语文,COMPULSORY,4,30,3
924,2016100062,人生哲学,UNCOMPULSORY,4,40,3
925,2016100063,程序设计,COMPULSORY,4,10,3
926,2016100063,数据结构,UNCOMPULSORY,3,20,3
927,2016100064,计量经济学,COMPULSORY,4,10,3
928,2016100064,马原,UNCOMPULSORY,4,10,3
929,2016100065,大学语文,COMPULSORY,5,30,3
930,2016100065,人生哲学,UNCOMPULSORY,4,20,3
931,2016100066,程序设计,COMPULSORY,4,10,3
932,2016100066,数据结构,UNCOMPULSORY,3,10,3
933,2016100067,计量经济学,COMPULSORY,2,10,3
934,2016100067,马原,UNCOMPULSORY,4,40,3
935,2016100068,大学语文,COMPULSORY,5,10,3
936,2016100068,人生哲学,UNCOMPULSORY,2,40,3
937,2016100069,程序设计,COMPULSORY,5,30,3
938,2016100069,数据结构,UNCOMPULSORY,4,40,3
939,2016100070,计量经济学,COMPULSORY,5,10,3
940,2016100070,马原,UNCOMPULSORY,3,40,3
941,2016100071,大学语文,COMPULSORY,5,20,3
942,2016100071,人生哲学,UNCOMPULSORY,2,20,3
943,2016100072,程序设计,COMPULSORY,4,10,3
944,2016100072,数据结构,UNCOMPULSORY,3,30,3
945,2016100073,计量经济学,COMPULSORY,2,40,3
946,2016100073,马原,UNCOMPULSORY,2,20,3
947,2016100074,大学语文,COMPULSORY,4,40,3
948,2016100074,人生哲学,UNCOMPULSORY,3,30,3
949,2016100075,程序设计,COMPULSORY,4,40,3
950,2016100075,数据结构,UNCOMPULSORY,4,10,3
951,2016100076,计量经济学,COMPULSORY,4,10,3
952,2016100076,马原,UNCOMPULSORY,5,20,3
953,2016100077,大学语文,COMPULSORY,5,40,3
954,2016100077,人生哲学,UNCOMPULSORY,4,40,3
955,2016100078,程序设计,COMPULSORY,2,40,3
956,2016100078,数据结构,UNCOMPULSORY,4,30,3
957,2016100079,计量经济学,COMPULSORY,4,40,3
958,2016100079,马原,UNCOMPULSORY,3,10,3
959,2016100080,大学语文,COMPULSORY,3,40,3
960,2016100080,人生哲学,UNCOMPULSORY,5,20,3
961,2016100081,程序设计,COMPULSORY,2,10,3
962,2016100081,数据结构,UNCOMPULSORY,4,10,3
963,2016100082,计量经济学,COMPULSORY,4,10,3
964,2016100082,马原,UNCOMPULSORY,2,20,3
965,2016100083,大学语文,COMPULSORY,3,20,3
966,2016100083,人生哲学,UNCOMPULSORY,5,10,3
967,2016100084,程序设计,COMPULSORY,3,20,3
968,2016100084,数据结构,UNCOMPULSORY,3,30,3
969,2016100085,计量经济学,COMPULSORY,5,10,3
970,2016100085,马原,UNCOMPULSORY,3,10,3
971,2016100086,大学语文,COMPULSORY,3,20,3
972,2016100086,人生哲学,UNCOMPULSORY,2,20,3
973,2016100087,程序设计,COMPULSORY,5,40,3
974,2016100087,数据结构,UNCOMPULSORY,3,20,3
975,2016100088,计量经济学,COMPULSORY,3,10,3
976,2016100088,马原,UNCOMPULSORY,4,20,3
977,2016100089,大学语文,COMPULSORY,4,30,3
978,2016100089,人生哲学,UNCOMPULSORY,4,40,3
979,2016100090,程序设计,COMPULSORY,3,30,3
980,2016100090,数据结构,UNCOMPULSORY,4,20,3
981,2016100091,计量经济学,COMPULSORY,3,20,3
982,2016100091,马原,UNCOMPULSORY,2,40,3
983,2016100092,大学语文,COMPULSORY,5,30,3
984,2016100092,人生哲学,UNCOMPULSORY,2,40,3
985,2016100093,程序设计,COMPULSORY,4,20,3
986,2016100093,数据结构,UNCOMPULSORY,3,40,3
987,2016100094,计量经济学,COMPULSORY,2,40,3
988,2016100094,马原,UNCOMPULSORY,5,30,3
989,2016100095,大学语文,COMPULSORY,2,10,3
990,2016100095,人生哲学,UNCOMPULSORY,4,20,3
991,2016100096,程序设计,COMPULSORY,2,10,3
992,2016100096,数据结构,UNCOMPULSORY,2,30,3
993,2016100097,计量经济学,COMPULSORY,3,40,3
994,2016100097,马原,UNCOMPULSORY,5,40,3
995,2016100098,大学语文,COMPULSORY,2,30,3
996,2016100098,人生哲学,UNCOMPULSORY,3,30,3
997,2016100099,程序设计,COMPULSORY,3,40,3
998,2016100099,数据结构,UNCOMPULSORY,5,20,3
999,2016100100,计量经济学,COMPULSORY,5,30,3
1000,2016100100,马原,UNCOMPULSORY,4,30,3
1001,2016100101,大学语文,COMPULSORY,2,40,3
1002,2016100101,人生哲学,UNCOMPULSORY,3,40,3
1003,2016100102,程序设计,COMPULSORY,4,20,3
1004,2016100102,数据结构,UNCOMPULSORY,4,20,3
1005,2016100103,计量经济学,COMPULSORY,3,10,3
1006,2016100103,马原,UNCOMPULSORY,3,10,3
1007,2016100104,大学语文,COMPULSORY,5,20,3
1008,2016100104,人生哲学,UNCOMPULSORY,3,40,3
1009,2016100105,程序设计,COMPULSORY,2,40,3
1010,2016100105,数据结构,UNCOMPULSORY,2,30,3
1011,2016100106,计量经济学,COMPULSORY,2,20,3
1012,2016100106,马原,UNCOMPULSORY,3,40,3
1013,2016100107,大学语文,COMPULSORY,4,30,3
1014,2016100107,人生哲学,UNCOMPULSORY,4,30,3
1015,2016100108,程序设计,COMPULSORY,5,40,3
1016,2016100108,数据结构,UNCOMPULSORY,3,40,3
1017,2016100109,计量经济学,COMPULSORY,4,30,3
1018,2016100109,马原,UNCOMPULSORY,4,30,3
1019,2016100110,大学语文,COMPULSORY,3,30,3
1020,2016100110,人生哲学,UNCOMPULSORY,2,40,3
1021,2016100111,程序设计,COMPULSORY,3,40,3
1022,2016100111,数据结构,UNCOMPULSORY,2,10,3
1023,2016100112,计量经济学,COMPULSORY,5,20,3
1024,2016100112,马原,UNCOMPULSORY,3,20,3
1025,2016100113,大学语文,COMPULSORY,5,40,3
1026,2016100113,人生哲学,UNCOMPULSORY,3,40,3
1027,2016100114,程序设计,COMPULSORY,2,30,3
1028,2016100114,数据结构,UNCOMPULSORY,2,10,3
1029,2016100115,计量经济学,COMPULSORY,2,40,3
1030,2016100115,马原,UNCOMPULSORY,2,40,3
1031,2016100116,大学语文,COMPULSORY,4,30,3
1032,2016100116,人生哲学,UNCOMPULSORY,5,40,3
1033,2016100117,程序设计,COMPULSORY,4,30,3
1034,2016100117,数据结构,UNCOMPULSORY,2,30,3
1035,2016100118,计量经济学,COMPULSORY,2,20,3
1036,2016100118,马原,UNCOMPULSORY,2,30,3
1037,2016100119,大学语文,COMPULSORY,5,10,3
1038,2016100119,人生哲学,UNCOMPULSORY,4,30,3
1039,2016100120,程序设计,COMPULSORY,2,30,3
1040,2016100120,数据结构,UNCOMPULSORY,2,10,3
1041,2016100121,计量经济学,COMPULSORY,2,10,3
1042,2016100121,马原,UNCOMPULSORY,4,30,3
1043,2016100122,大学语文,COMPULSORY,2,20,3
1044,2016100122,人生哲学,UNCOMPULSORY,4,10,3
1045,2016100123,程序设计,COMPULSORY,3,30,3
1046,2016100123,数据结构,UNCOMPULSORY,4,10,3
1047,2016100124,计量经济学,COMPULSORY,4,10,3
1048,2016100124,马原,UNCOMPULSORY,4,30,3
1049,2016100125,大学语文,COMPULSORY,3,30,3
1050,2016100125,人生哲学,UNCOMPULSORY,3,30,3
1051,2016100126,程序设计,COMPULSORY,5,20,3
1052,2016100126,数据结构,UNCOMPULSORY,2,20,3
1053,2016100127,计量经济学,COMPULSORY,2,20,3
1054,2016100127,马原,UNCOMPULSORY,5,20,3
1055,2016100128,大学语文,COMPULSORY,2,40,3
1056,2016100128,人生哲学,UNCOMPULSORY,2,40,3
1057,2016100129,程序设计,COMPULSORY,3,30,3
1058,2016100129,数据结构,UNCOMPULSORY,5,10,3
1059,2016100130,计量经济学,COMPULSORY,5,30,3
1060,2016100130,马原,UNCOMPULSORY,2,20,3
1061,2016100131,大学语文,COMPULSORY,2,30,3
1062,2016100131,人生哲学,UNCOMPULSORY,3,10,3
1063,2016100132,程序设计,COMPULSORY,5,10,3
1064,2016100132,数据结构,UNCOMPULSORY,5,40,3
1065,2016100133,计量经济学,COMPULSORY,3,10,3
1066,2016100133,马原,UNCOMPULSORY,3,10,3
1067,2016100134,大学语文,COMPULSORY,4,30,3
1068,2016100134,人生哲学,UNCOMPULSORY,5,40,3
1069,2016100135,程序设计,COMPULSORY,2,30,3
1070,2016100135,数据结构,UNCOMPULSORY,5,10,3
1071,2016100136,计量经济学,COMPULSORY,5,10,3
1072,2016100136,马原,UNCOMPULSORY,2,30,3
1073,2016100137,大学语文,COMPULSORY,2,20,3
1074,2016100137,人生哲学,UNCOMPULSORY,2,30,3
1075,2016100138,程序设计,COMPULSORY,4,10,3
1076,2016100138,数据结构,UNCOMPULSORY,3,40,3
1077,2016100139,计量经济学,COMPULSORY,2,40,3
1078,2016100139,马原,UNCOMPULSORY,2,40,3
1079,2016100140,大学语文,COMPULSORY,3,10,3
1080,2016100140,人生哲学,UNCOMPULSORY,3,20,3
1081,2016100141,程序设计,COMPULSORY,3,20,3
1082,2016100141,数据结构,UNCOMPULSORY,2,30,3
1083,2016100142,计量经济学,COMPULSORY,3,10,3
1084,2016100142,马原,UNCOMPULSORY,5,30,3
1085,2016100143,大学语文,COMPULSORY,2,40,3
1086,2016100143,人生哲学,UNCOMPULSORY,5,30,3
1087,2016100144,程序设计,COMPULSORY,5,30,3
1088,2016100144,数据结构,UNCOMPULSORY,2,40,3
1089,2016100145,计量经济学,COMPULSORY,4,30,3
1090,2016100145,马原,UNCOMPULSORY,5,20,3
1091,2016100146,大学语文,COMPULSORY,3,20,3
1092,2016100146,人生哲学,UNCOMPULSORY,2,40,3
1093,2016100147,程序设计,COMPULSORY,4,30,3
1094,2016100147,数据结构,UNCOMPULSORY,5,30,3
1095,2016100148,计量经济学,COMPULSORY,4,30,3
1096,2016100148,马原,UNCOMPULSORY,2,20,3
1097,2016100149,大学语文,COMPULSORY,5,20,3
1098,2016100149,人生哲学,UNCOMPULSORY,4,20,3
1099,2016100150,程序设计,COMPULSORY,3,10,3
1100,2016100150,数据结构,UNCOMPULSORY,3,20,3
1101,2016100151,计量经济学,COMPULSORY,3,10,3
1102,2016100151,马原,UNCOMPULSORY,2,40,3
1103,2016100152,大学语文,COMPULSORY,3,10,3
1104,2016100152,人生哲学,UNCOMPULSORY,5,10,3
1105,2016100153,程序设计,COMPULSORY,4,40,3
1106,2016100153,数据结构,UNCOMPULSORY,3,40,3
1107,2016100154,计量经济学,COMPULSORY,5,40,3
1108,2016100154,马原,UNCOMPULSORY,2,30,3
1109,2016100155,大学语文,COMPULSORY,3,40,3
1110,2016100155,人生哲学,UNCOMPULSORY,3,20,3
1111,2016100156,程序设计,COMPULSORY,5,20,3
1112,2016100156,数据结构,UNCOMPULSORY,5,30,3
1113,2016100157,计量经济学,COMPULSORY,2,30,3
1114,2016100157,马原,UNCOMPULSORY,4,20,3
1115,2016100158,大学语文,COMPULSORY,3,30,3
1116,2016100158,人生哲学,UNCOMPULSORY,3,10,3
1117,2016100159,程序设计,COMPULSORY,4,30,3
1118,2016100159,数据结构,UNCOMPULSORY,2,10,3
1119,2016100160,计量经济学,COMPULSORY,3,40,3
1120,2016100160,马原,UNCOMPULSORY,3,30,3
1121,2016100161,大学语文,COMPULSORY,3,30,3
1122,2016100161,人生哲学,UNCOMPULSORY,3,10,3
1123,2016100162,程序设计,COMPULSORY,3,30,3
1124,2016100162,数据结构,UNCOMPULSORY,5,20,3
1125,2016100163,计量经济学,COMPULSORY,2,40,3
1126,2016100163,马原,UNCOMPULSORY,4,10,3
1127,2016100164,大学语文,COMPULSORY,3,30,3
1128,2016100164,人生哲学,UNCOMPULSORY,5,40,3
1129,2016100165,程序设计,COMPULSORY,5,10,3
1130,2016100165,数据结构,UNCOMPULSORY,2,30,3
1131,2016100166,计量经济学,COMPULSORY,2,30,3
1132,2016100166,马原,UNCOMPULSORY,4,10,3
1133,2016100167,大学语文,COMPULSORY,3,30,3
1134,2016100167,人生哲学,UNCOMPULSORY,5,20,3
1135,2016100168,程序设计,COMPULSORY,4,40,3
1136,2016100168,数据结构,UNCOMPULSORY,2,20,3
1137,2016100169,计量经济学,COMPULSORY,2,30,3
1138,2016100169,马原,UNCOMPULSORY,2,40,3
1139,2016100170,大学语文,COMPULSORY,5,20,3
1140,2016100170,人生哲学,UNCOMPULSORY,3,40,3
1141,2016100171,程序设计,COMPULSORY,4,40,3
1142,2016100171,数据结构,UNCOMPULSORY,5,30,3
1143,2016100172,计量经济学,COMPULSORY,5,40,3
1144,2016100172,马原,UNCOMPULSORY,5,20,3
1145,2016100173,大学语文,COMPULSORY,2,40,3
1146,2016100173,人生哲学,UNCOMPULSORY,5,40,3
1147,2016100174,程序设计,COMPULSORY,5,40,3
1148,2016100174,数据结构,UNCOMPULSORY,5,10,3
1149,2016100175,计量经济学,COMPULSORY,4,20,3
1150,2016100175,马原,UNCOMPULSORY,5,30,3
1151,2016100176,大学语文,COMPULSORY,4,30,3
1152,2016100176,人生哲学,UNCOMPULSORY,2,10,3
1153,2016100177,程序设计,COMPULSORY,2,10,3
1154,2016100177,数据结构,UNCOMPULSORY,4,10,3
1155,2016100178,计量经济学,COMPULSORY,3,20,3
1156,2016100178,马原,UNCOMPULSORY,3,40,3
1157,2016100179,大学语文,COMPULSORY,3,20,3
1158,2016100179,人生哲学,UNCOMPULSORY,2,40,3
1159,2016100180,程序设计,COMPULSORY,4,10,3
1160,2016100180,数据结构,UNCOMPULSORY,3,40,3
1161,2016100181,计量经济学,COMPULSORY,3,40,3
1162,2016100181,马原,UNCOMPULSORY,2,30,3
1163,2016100182,大学语文,COMPULSORY,5,20,3
1164,2016100182,人生哲学,UNCOMPULSORY,4,30,3
1165,2016100183,程序设计,COMPULSORY,4,20,3
1166,2016100183,数据结构,UNCOMPULSORY,5,20,3
1167,2016100184,计量经济学,COMPULSORY,5,40,3
1168,2016100184,马原,UNCOMPULSORY,5,20,3
1169,2016100185,大学语文,COMPULSORY,4,30,3
1170,2016100185,人生哲学,UNCOMPULSORY,4,40,3
1171,2016100186,程序设计,COMPULSORY,2,10,3
1172,2016100186,数据结构,UNCOMPULSORY,3,40,3
1173,2016100187,计量经济学,COMPULSORY,5,30,3
1174,2016100187,马原,UNCOMPULSORY,2,10,3
1175,2016100188,大学语文,COMPULSORY,2,30,3
1176,2016100188,人生哲学,UNCOMPULSORY,5,20,3
1177,2016100189,程序设计,COMPULSORY,3,30,3
1178,2016100189,数据结构,UNCOMPULSORY,3,40,3
1179,2016100190,计量经济学,COMPULSORY,5,10,3
1180,2016100190,马原,UNCOMPULSORY,2,10,3
1181,2016100191,大学语文,COMPULSORY,4,20,3
1182,2016100191,人生哲学,UNCOMPULSORY,2,10,3
1183,2016100192,程序设计,COMPULSORY,5,40,3
1184,2016100192,数据结构,UNCOMPULSORY,4,10,3
1185,2016100193,计量经济学,COMPULSORY,5,30,3
1186,2016100193,马原,UNCOMPULSORY,5,40,3
1187,2016100194,大学语文,COMPULSORY,3,40,3
1188,2016100194,人生哲学,UNCOMPULSORY,2,10,3
1189,2016100195,程序设计,COMPULSORY,4,40,3
1190,2016100195,数据结构,UNCOMPULSORY,4,40,3
1191,2016100196,计量经济学,COMPULSORY,5,30,3
1192,2016100196,马原,UNCOMPULSORY,2,40,3
1193,2016100197,大学语文,COMPULSORY,5,10,3
1194,2016100197,人生哲学,UNCOMPULSORY,4,10,3
1195,2016100198,程序设计,COMPULSORY,4,30,3
1196,2016100198,数据结构,UNCOMPULSORY,5,10,3
1197,2016100199,计量经济学,COMPULSORY,2,40,3
1198,2016100199,马原,UNCOMPULSORY,4,30,3
1199,2017100000,大学语文,COMPULSORY,3,40,3
1200,2017100000,人生哲学,UNCOMPULSORY,3,40,3
1201,2017100001,程序设计,COMPULSORY,2,40,3
1202,2017100001,数据结构,UNCOMPULSORY,2,40,3
1203,2017100002,计量经济学,COMPULSORY,4,30,3
1204,2017100002,马原,UNCOMPULSORY,2,30,3
1205,2017100003,大学语文,COMPULSORY,2,30,3
1206,2017100003,人生哲学,UNCOMPULSORY,5,20,3
1207,2017100004,程序设计,COMPULSORY,3,30,3
1208,2017100004,数据结构,UNCOMPULSORY,4,20,3
1209,2017100005,计量经济学,COMPULSORY,2,20,3
1210,2017100005,马原,UNCOMPULSORY,5,30,3
1211,2017100006,大学语文,COMPULSORY,5,10,3
1212,2017100006,人生哲学,UNCOMPULSORY,2,30,3
1213,2017100007,程序设计,COMPULSORY,3,40,3
1214,2017100007,数据结构,UNCOMPULSORY,4,10,3
1215,2017100008,计量经济学,COMPULSORY,4,10,3
1216,2017100008,马原,UNCOMPULSORY,4,20,3
1217,2017100009,大学语文,COMPULSORY,5,10,3
1218,2017100009,人生哲学,UNCOMPULSORY,3,20,3
1219,2017100010,程序设计,COMPULSORY,4,40,3
1220,2017100010,数据结构,UNCOMPULSORY,4,40,3
1221,2017100011,计量经济学,COMPULSORY,3,30,3
1222,2017100011,马原,UNCOMPULSORY,5,30,3
1223,2017100012,大学语文,COMPULSORY,4,10,3
1224,2017100012,人生哲学,UNCOMPULSORY,4,40,3
1225,2017100013,程序设计,COMPULSORY,5,10,3
1226,2017100013,数据结构,UNCOMPULSORY,3,30,3
1227,2017100014,计量经济学,COMPULSORY,2,30,3
1228,2017100014,马原,UNCOMPULSORY,4,30,3
1229,2017100015,大学语文,COMPULSORY,2,30,3
1230,2017100015,人生哲学,UNCOMPULSORY,4,10,3
1231,2017100016,程序设计,COMPULSORY,3,10,3
1232,2017100016,数据结构,UNCOMPULSORY,3,10,3
1233,2017100017,计量经济学,COMPULSORY,2,30,3
1234,2017100017,马原,UNCOMPULSORY,4,10,3
1235,2017100018,大学语文,COMPULSORY,5,10,3
1236,2017100018,人生哲学,UNCOMPULSORY,3,20,3
1237,2017100019,程序设计,COMPULSORY,4,30,3
1238,2017100019,数据结构,UNCOMPULSORY,5,10,3
1239,2017100020,计量经济学,COMPULSORY,2,10,3
1240,2017100020,马原,UNCOMPULSORY,3,30,3
1241,2017100021,大学语文,COMPULSORY,2,20,3
1242,2017100021,人生哲学,UNCOMPULSORY,3,10,3
1243,2017100022,程序设计,COMPULSORY,2,30,3
1244,2017100022,数据结构,UNCOMPULSORY,3,10,3
1245,2017100023,计量经济学,COMPULSORY,4,20,3
1246,2017100023,马原,UNCOMPULSORY,5,40,3
1247,2017100024,大学语文,COMPULSORY,3,10,3
1248,2017100024,人生哲学,UNCOMPULSORY,4,20,3
1249,2017100025,程序设计,COMPULSORY,3,40,3
1250,2017100025,数据结构,UNCOMPULSORY,5,30,3
1251,2017100026,计量经济学,COMPULSORY,5,40,3
1252,2017100026,马原,UNCOMPULSORY,4,40,3
1253,2017100027,大学语文,COMPULSORY,5,40,3
1254,2017100027,人生哲学,UNCOMPULSORY,2,30,3
1255,2017100028,程序设计,COMPULSORY,2,10,3
1256,2017100028,数据结构,UNCOMPULSORY,5,20,3
1257,2017100029,计量经济学,COMPULSORY,4,20,3
1258,2017100029,马原,UNCOMPULSORY,4,10,3
1259,2017100030,大学语文,COMPULSORY,4,20,3
1260,2017100030,人生哲学,UNCOMPULSORY,3,40,3
1261,2017100031,程序设计,COMPULSORY,4,10,3
1262,2017100031,数据结构,UNCOMPULSORY,4,10,3
1263,2017100032,计量经济学,COMPULSORY,4,30,3
1264,2017100032,马原,UNCOMPULSORY,3,20,3
1265,2017100033,大学语文,COMPULSORY,4,40,3
1266,2017100033,人生哲学,UNCOMPULSORY,4,40,3
1267,2017100034,程序设计,COMPULSORY,5,20,3
1268,2017100034,数据结构,UNCOMPULSORY,2,20,3
1269,2017100035,计量经济学,COMPULSORY,3,40,3
1270,2017100035,马原,UNCOMPULSORY,4,10,3
1271,2017100036,大学语文,COMPULSORY,4,40,3
1272,2017100036,人生哲学,UNCOMPULSORY,4,10,3
1273,2017100037,程序设计,COMPULSORY,5,20,3
1274,2017100037,数据结构,UNCOMPULSORY,5,10,3
1275,2017100038,计量经济学,COMPULSORY,3,40,3
1276,2017100038,马原,UNCOMPULSORY,3,10,3
1277,2017100039,大学语文,COMPULSORY,3,30,3
1278,2017100039,人生哲学,UNCOMPULSORY,3,40,3
1279,2017100040,程序设计,COMPULSORY,4,10,3
1280,2017100040,数据结构,UNCOMPULSORY,5,20,3
1281,2017100041,计量经济学,COMPULSORY,3,30,3
1282,2017100041,马原,UNCOMPULSORY,4,30,3
1283,2017100042,大学语文,COMPULSORY,3,10,3
1284,2017100042,人生哲学,UNCOMPULSORY,5,10,3
1285,2017100043,程序设计,COMPULSORY,4,20,3
1286,2017100043,数据结构,UNCOMPULSORY,3,30,3
1287,2017100044,计量经济学,COMPULSORY,4,10,3
1288,2017100044,马原,UNCOMPULSORY,2,20,3
1289,2017100045,大学语文,COMPULSORY,3,10,3
1290,2017100045,人生哲学,UNCOMPULSORY,3,20,3
1291,2017100046,程序设计,COMPULSORY,2,30,3
1292,2017100046,数据结构,UNCOMPULSORY,3,30,3
1293,2017100047,计量经济学,COMPULSORY,4,30,3
1294,2017100047,马原,UNCOMPULSORY,3,20,3
1295,2017100048,大学语文,COMPULSORY,4,40,3
1296,2017100048,人生哲学,UNCOMPULSORY,3,10,3
1297,2017100049,程序设计,COMPULSORY,3,20,3
1298,2017100049,数据结构,UNCOMPULSORY,3,30,3
1299,2017100050,计量经济学,COMPULSORY,4,30,3
1300,2017100050,马原,UNCOMPULSORY,3,30,3
1301,2017100051,大学语文,COMPULSORY,4,30,3
1302,2017100051,人生哲学,UNCOMPULSORY,3,20,3
1303,2017100052,程序设计,COMPULSORY,3,20,3
1304,2017100052,数据结构,UNCOMPULSORY,2,30,3
1305,2017100053,计量经济学,COMPULSORY,2,40,3
1306,2017100053,马原,UNCOMPULSORY,4,40,3
1307,2017100054,大学语文,COMPULSORY,5,30,3
1308,2017100054,人生哲学,UNCOMPULSORY,2,10,3
1309,2017100055,程序设计,COMPULSORY,2,40,3
1310,2017100055,数据结构,UNCOMPULSORY,3,20,3
1311,2017100056,计量经济学,COMPULSORY,4,20,3
1312,2017100056,马原,UNCOMPULSORY,5,40,3
1313,2017100057,大学语文,COMPULSORY,4,30,3
1314,2017100057,人生哲学,UNCOMPULSORY,5,40,3
1315,2017100058,程序设计,COMPULSORY,4,30,3
1316,2017100058,数据结构,UNCOMPULSORY,2,30,3
1317,2017100059,计量经济学,COMPULSORY,4,10,3
1318,2017100059,马原,UNCOMPULSORY,3,10,3
1319,2017100060,大学语文,COMPULSORY,4,10,3
1320,2017100060,人生哲学,UNCOMPULSORY,3,20,3
1321,2017100061,程序设计,COMPULSORY,2,10,3
1322,2017100061,数据结构,UNCOMPULSORY,3,10,3
1323,2017100062,计量经济学,COMPULSORY,5,30,3
1324,2017100062,马原,UNCOMPULSORY,4,10,3
1325,2017100063,大学语文,COMPULSORY,2,20,3
1326,2017100063,人生哲学,UNCOMPULSORY,3,20,3
1327,2017100064,程序设计,COMPULSORY,4,10,3
1328,2017100064,数据结构,UNCOMPULSORY,5,10,3
1329,2017100065,计量经济学,COMPULSORY,3,40,3
1330,2017100065,马原,UNCOMPULSORY,4,20,3
1331,2017100066,大学语文,COMPULSORY,5,40,3
1332,2017100066,人生哲学,UNCOMPULSORY,3,30,3
1333,2017100067,程序设计,COMPULSORY,3,40,3
1334,2017100067,数据结构,UNCOMPULSORY,4,40,3
1335,2017100068,计量经济学,COMPULSORY,3,40,3
1336,2017100068,马原,UNCOMPULSORY,5,30,3
1337,2017100069,大学语文,COMPULSORY,4,40,3
1338,2017100069,人生哲学,UNCOMPULSORY,2,40,3
1339,2017100070,程序设计,COMPULSORY,2,20,3
1340,2017100070,数据结构,UNCOMPULSORY,5,40,3
1341,2017100071,计量经济学,COMPULSORY,3,40,3
1342,2017100071,马原,UNCOMPULSORY,3,30,3
1343,2017100072,大学语文,COMPULSORY,3,20,3
1344,2017100072,人生哲学,UNCOMPULSORY,2,30,3
1345,2017100073,程序设计,COMPULSORY,4,40,3
1346,2017100073,数据结构,UNCOMPULSORY,4,20,3
1347,2017100074,计量经济学,COMPULSORY,3,20,3
1348,2017100074,马原,UNCOMPULSORY,3,30,3
1349,2017100075,大学语文,COMPULSORY,5,30,3
1350,2017100075,人生哲学,UNCOMPULSORY,2,40,3
1351,2017100076,程序设计,COMPULSORY,3,20,3
1352,2017100076,数据结构,UNCOMPULSORY,2,20,3
1353,2017100077,计量经济学,COMPULSORY,4,20,3
1354,2017100077,马原,UNCOMPULSORY,2,40,3
1355,2017100078,大学语文,COMPULSORY,3,10,3
1356,2017100078,人生哲学,UNCOMPULSORY,4,40,3
1357,2017100079,程序设计,COMPULSORY,2,10,3
1358,2017100079,数据结构,UNCOMPULSORY,4,40,3
1359,2017100080,计量经济学,COMPULSORY,5,30,3
1360,2017100080,马原,UNCOMPULSORY,5,40,3
1361,2017100081,大学语文,COMPULSORY,2,40,3
1362,2017100081,人生哲学,UNCOMPULSORY,3,40,3
1363,2017100082,程序设计,COMPULSORY,5,20,3
1364,2017100082,数据结构,UNCOMPULSORY,5,40,3
1365,2017100083,计量经济学,COMPULSORY,5,10,3
1366,2017100083,马原,UNCOMPULSORY,3,30,3
1367,2017100084,大学语文,COMPULSORY,3,40,3
1368,2017100084,人生哲学,UNCOMPULSORY,4,20,3
1369,2017100085,程序设计,COMPULSORY,5,30,3
1370,2017100085,数据结构,UNCOMPULSORY,5,30,3
1371,2017100086,计量经济学,COMPULSORY,2,40,3
1372,2017100086,马原,UNCOMPULSORY,3,40,3
1373,2017100087,大学语文,COMPULSORY,2,20,3
1374,2017100087,人生哲学,UNCOMPULSORY,3,30,3
1375,2017100088,程序设计,COMPULSORY,2,30,3
1376,2017100088,数据结构,UNCOMPULSORY,3,30,3
1377,2017100089,计量经济学,COMPULSORY,2,20,3
1378,2017100089,马原,UNCOMPULSORY,3,30,3
1379,2017100090,大学语文,COMPULSORY,3,30,3
1380,2017100090,人生哲学,UNCOMPULSORY,3,40,3
1381,2017100091,程序设计,COMPULSORY,5,30,3
1382,2017100091,数据结构,UNCOMPULSORY,5,20,3
1383,2017100092,计量经济学,COMPULSORY,5,30,3
1384,2017100092,马原,UNCOMPULSORY,4,20,3
1385,2017100093,大学语文,COMPULSORY,5,30,3
1386,2017100093,人生哲学,UNCOMPULSORY,4,40,3
1387,2017100094,程序设计,COMPULSORY,5,30,3
1388,2017100094,数据结构,UNCOMPULSORY,3,10,3
1389,2017100095,计量经济学,COMPULSORY,5,20,3
1390,2017100095,马原,UNCOMPULSORY,5,30,3
1391,2017100096,大学语文,COMPULSORY,2,30,3
1392,2017100096,人生哲学,UNCOMPULSORY,3,40,3
1393,2017100097,程序设计,COMPULSORY,2,30,3
1394,2017100097,数据结构,UNCOMPULSORY,4,30,3
1395,2017100098,计量经济学,COMPULSORY,2,40,3
1396,2017100098,马原,UNCOMPULSORY,4,30,3
1397,2017100099,大学语文,COMPULSORY,4,20,3
1398,2017100099,人生哲学,UNCOMPULSORY,2,10,3
1399,2017100100,程序设计,COMPULSORY,2,40,3
1400,2017100100,数据结构,UNCOMPULSORY,2,30,3
1401,2017100101,计量经济学,COMPULSORY,4,10,3
1402,2017100101,马原,UNCOMPULSORY,5,10,3
1403,2017100102,大学语文,COMPULSORY,3,10,3
1404,2017100102,人生哲学,UNCOMPULSORY,5,40,3
1405,2017100103,程序设计,COMPULSORY,2,30,3
1406,2017100103,数据结构,UNCOMPULSORY,4,20,3
1407,2017100104,计量经济学,COMPULSORY,2,10,3
1408,2017100104,马原,UNCOMPULSORY,5,20,3
1409,2017100105,大学语文,COMPULSORY,4,30,3
1410,2017100105,人生哲学,UNCOMPULSORY,5,40,3
1411,2017100106,程序设计,COMPULSORY,2,20,3
1412,2017100106,数据结构,UNCOMPULSORY,2,40,3
1413,2017100107,计量经济学,COMPULSORY,2,10,3
1414,2017100107,马原,UNCOMPULSORY,4,40,3
1415,2017100108,大学语文,COMPULSORY,3,20,3
1416,2017100108,人生哲学,UNCOMPULSORY,2,10,3
1417,2017100109,程序设计,COMPULSORY,3,10,3
1418,2017100109,数据结构,UNCOMPULSORY,3,40,3
1419,2017100110,计量经济学,COMPULSORY,5,20,3
1420,2017100110,马原,UNCOMPULSORY,5,10,3
1421,2017100111,大学语文,COMPULSORY,2,20,3
1422,2017100111,人生哲学,UNCOMPULSORY,2,30,3
1423,2017100112,程序设计,COMPULSORY,2,20,3
1424,2017100112,数据结构,UNCOMPULSORY,5,40,3
1425,2017100113,计量经济学,COMPULSORY,2,10,3
1426,2017100113,马原,UNCOMPULSORY,4,10,3
1427,2017100114,大学语文,COMPULSORY,3,40,3
1428,2017100114,人生哲学,UNCOMPULSORY,2,30,3
1429,2017100115,程序设计,COMPULSORY,2,40,3
1430,2017100115,数据结构,UNCOMPULSORY,3,40,3
1431,2017100116,计量经济学,COMPULSORY,3,40,3
1432,2017100116,马原,UNCOMPULSORY,5,10,3
1433,2017100117,大学语文,COMPULSORY,2,10,3
1434,2017100117,人生哲学,UNCOMPULSORY,5,40,3
1435,2017100118,程序设计,COMPULSORY,5,20,3
1436,2017100118,数据结构,UNCOMPULSORY,3,10,3
1437,2017100119,计量经济学,COMPULSORY,2,10,3
1438,2017100119,马原,UNCOMPULSORY,3,10,3
1439,2017100120,大学语文,COMPULSORY,5,30,3
1440,2017100120,人生哲学,UNCOMPULSORY,3,40,3
1441,2017100121,程序设计,COMPULSORY,5,10,3
1442,2017100121,数据结构,UNCOMPULSORY,5,40,3
1443,2017100122,计量经济学,COMPULSORY,5,20,3
1444,2017100122,马原,UNCOMPULSORY,5,30,3
1445,2017100123,大学语文,COMPULSORY,5,30,3
1446,2017100123,人生哲学,UNCOMPULSORY,2,40,3
1447,2017100124,程序设计,COMPULSORY,2,30,3
1448,2017100124,数据结构,UNCOMPULSORY,3,10,3
1449,2017100125,计量经济学,COMPULSORY,3,40,3
1450,2017100125,马原,UNCOMPULSORY,3,30,3
1451,2017100126,大学语文,COMPULSORY,5,20,3
1452,2017100126,人生哲学,UNCOMPULSORY,2,30,3
1453,2017100127,程序设计,COMPULSORY,4,10,3
1454,2017100127,数据结构,UNCOMPULSORY,5,10,3
1455,2017100128,计量经济学,COMPULSORY,3,30,3
1456,2017100128,马原,UNCOMPULSORY,3,10,3
1457,2017100129,大学语文,COMPULSORY,5,20,3
1458,2017100129,人生哲学,UNCOMPULSORY,4,40,3
1459,2017100130,程序设计,COMPULSORY,3,30,3
1460,2017100130,数据结构,UNCOMPULSORY,2,40,3
1461,2017100131,计量经济学,COMPULSORY,5,40,3
1462,2017100131,马原,UNCOMPULSORY,4,10,3
1463,2017100132,大学语文,COMPULSORY,3,30,3
1464,2017100132,人生哲学,UNCOMPULSORY,5,10,3
1465,2017100133,程序设计,COMPULSORY,5,40,3
1466,2017100133,数据结构,UNCOMPULSORY,4,20,3
1467,2017100134,计量经济学,COMPULSORY,2,40,3
1468,2017100134,马原,UNCOMPULSORY,5,20,3
1469,2017100135,大学语文,COMPULSORY,5,40,3
1470,2017100135,人生哲学,UNCOMPULSORY,5,40,3
1471,2017100136,程序设计,COMPULSORY,5,30,3
1472,2017100136,数据结构,UNCOMPULSORY,5,20,3
1473,2017100137,计量经济学,COMPULSORY,5,20,3
1474,2017100137,马原,UNCOMPULSORY,5,30,3
1475,2017100138,大学语文,COMPULSORY,5,20,3
1476,2017100138,人生哲学,UNCOMPULSORY,2,40,3
1477,2017100139,程序设计,COMPULSORY,5,10,3
1478,2017100139,数据结构,UNCOMPULSORY,3,20,3
1479,2017100140,计量经济学,COMPULSORY,2,20,3
1480,2017100140,马原,UNCOMPULSORY,2,30,3
1481,2017100141,大学语文,COMPULSORY,2,40,3
1482,2017100141,人生哲学,UNCOMPULSORY,5,10,3
1483,2017100142,程序设计,COMPULSORY,4,20,3
1484,2017100142,数据结构,UNCOMPULSORY,2,10,3
1485,2017100143,计量经济学,COMPULSORY,4,10,3
1486,2017100143,马原,UNCOMPULSORY,5,30,3
1487,2017100144,大学语文,COMPULSORY,2,20,3
1488,2017100144,人生哲学,UNCOMPULSORY,5,20,3
1489,2017100145,程序设计,COMPULSORY,5,20,3
1490,2017100145,数据结构,UNCOMPULSORY,4,20,3
1491,2017100146,计量经济学,COMPULSORY,5,40,3
1492,2017100146,马原,UNCOMPULSORY,5,20,3
1493,2017100147,大学语文,COMPULSORY,5,40,3
1494,2017100147,人生哲学,UNCOMPULSORY,2,10,3
1495,2017100148,程序设计,COMPULSORY,5,20,3
1496,2017100148,数据结构,UNCOMPULSORY,4,10,3
1497,2017100149,计量经济学,COMPULSORY,3,30,3
1498,2017100149,马原,UNCOMPULSORY,2,30,3
1499,2017100150,大学语文,COMPULSORY,3,40,3
1500,2017100150,人生哲学,UNCOMPULSORY,5,20,3
1501,2017100151,程序设计,COMPULSORY,4,40,3
1502,2017100151,数据结构,UNCOMPULSORY,2,10,3
1503,2017100152,计量经济学,COMPULSORY,3,30,3
1504,2017100152,马原,UNCOMPULSORY,3,20,3
1505,2017100153,大学语文,COMPULSORY,2,10,3
1506,2017100153,人生哲学,UNCOMPULSORY,3,30,3
1507,2017100154,程序设计,COMPULSORY,5,10,3
1508,2017100154,数据结构,UNCOMPULSORY,5,40,3
1509,2017100155,计量经济学,COMPULSORY,4,40,3
1510,2017100155,马原,UNCOMPULSORY,2,20,3
1511,2017100156,大学语文,COMPULSORY,4,10,3
1512,2017100156,人生哲学,UNCOMPULSORY,4,10,3
1513,2017100157,程序设计,COMPULSORY,3,40,3
1514,2017100157,数据结构,UNCOMPULSORY,3,20,3
1515,2017100158,计量经济学,COMPULSORY,4,20,3
1516,2017100158,马原,UNCOMPULSORY,4,30,3
1517,2017100159,大学语文,COMPULSORY,5,30,3
1518,2017100159,人生哲学,UNCOMPULSORY,4,10,3
1519,2017100160,程序设计,COMPULSORY,4,20,3
1520,2017100160,数据结构,UNCOMPULSORY,5,20,3
1521,2017100161,计量经济学,COMPULSORY,3,20,3
1522,2017100161,马原,UNCOMPULSORY,3,20,3
1523,2017100162,大学语文,COMPULSORY,3,40,3
1524,2017100162,人生哲学,UNCOMPULSORY,4,20,3
1525,2017100163,程序设计,COMPULSORY,2,40,3
1526,2017100163,数据结构,UNCOMPULSORY,3,40,3
1527,2017100164,计量经济学,COMPULSORY,2,40,3
1528,2017100164,马原,UNCOMPULSORY,3,20,3
1529,2017100165,大学语文,COMPULSORY,3,20,3
1530,2017100165,人生哲学,UNCOMPULSORY,4,40,3
1531,2017100166,程序设计,COMPULSORY,3,30,3
1532,2017100166,数据结构,UNCOMPULSORY,3,40,3
1533,2017100167,计量经济学,COMPULSORY,4,20,3
1534,2017100167,马原,UNCOMPULSORY,2,10,3
1535,2017100168,大学语文,COMPULSORY,2,30,3
1536,2017100168,人生哲学,UNCOMPULSORY,2,20,3
1537,2017100169,程序设计,COMPULSORY,3,30,3
1538,2017100169,数据结构,UNCOMPULSORY,3,10,3
1539,2017100170,计量经济学,COMPULSORY,2,30,3
1540,2017100170,马原,UNCOMPULSORY,4,10,3
1541,2017100171,大学语文,COMPULSORY,5,30,3
1542,2017100171,人生哲学,UNCOMPULSORY,2,20,3
1543,2017100172,程序设计,COMPULSORY,5,10,3
1544,2017100172,数据结构,UNCOMPULSORY,5,10,3
1545,2017100173,计量经济学,COMPULSORY,3,30,3
1546,2017100173,马原,UNCOMPULSORY,4,40,3
1547,2017100174,大学语文,COMPULSORY,4,20,3
1548,2017100174,人生哲学,UNCOMPULSORY,4,40,3
1549,2017100175,程序设计,COMPULSORY,4,20,3
1550,2017100175,数据结构,UNCOMPULSORY,4,10,3
1551,2017100176,计量经济学,COMPULSORY,3,30,3
1552,2017100176,马原,UNCOMPULSORY,3,20,3
1553,2017100177,大学语文,COMPULSORY,5,40,3
1554,2017100177,人生哲学,UNCOMPULSORY,5,20,3
1555,2017100178,程序设计,COMPULSORY,2,40,3
1556,2017100178,数据结构,UNCOMPULSORY,3,40,3
1557,2017100179,计量经济学,COMPULSORY,3,30,3
1558,2017100179,马原,UNCOMPULSORY,5,10,3
1559,2017100180,大学语文,COMPULSORY,3,40,3
1560,2017100180,人生哲学,UNCOMPULSORY,3,40,3
1561,2017100181,程序设计,COMPULSORY,3,30,3
1562,2017100181,数据结构,UNCOMPULSORY,5,20,3
1563,2017100182,计量经济学,COMPULSORY,2,30,3
1564,2017100182,马原,UNCOMPULSORY,3,10,3
1565,2017100183,大学语文,COMPULSORY,5,10,3
1566,2017100183,人生哲学,UNCOMPULSORY,2,10,3
1567,2017100184,程序设计,COMPULSORY,2,20,3
1568,2017100184,数据结构,UNCOMPULSORY,5,40,3
1569,2017100185,计量经济学,COMPULSORY,2,10,3
1570,2017100185,马原,UNCOMPULSORY,5,10,3
1571,2017100186,大学语文,COMPULSORY,5,10,3
1572,2017100186,人生哲学,UNCOMPULSORY,4,30,3
1573,2017100187,程序设计,COMPULSORY,4,40,3
1574,2017100187,数据结构,UNCOMPULSORY,4,20,3
1575,2017100188,计量经济学,COMPULSORY,5,20,3
1576,2017100188,马原,UNCOMPULSORY,3,20,3
1577,2017100189,大学语文,COMPULSORY,2,20,3
1578,2017100189,人生哲学,UNCOMPULSORY,5,30,3
1579,2017100190,程序设计,COMPULSORY,2,40,3
1580,2017100190,数据结构,UNCOMPULSORY,4,10,3
1581,2017100191,计量经济学,COMPULSORY,4,20,3
1582,2017100191,马原,UNCOMPULSORY,4,30,3
1583,2017100192,大学语文,COMPULSORY,3,40,3
1584,2017100192,人生哲学,UNCOMPULSORY,5,10,3
1585,2017100193,程序设计,COMPULSORY,4,20,3
1586,2017100193,数据结构,UNCOMPULSORY,5,10,3
1587,2017100194,计量经济学,COMPULSORY,4,40,3
1588,2017100194,马原,UNCOMPULSORY,4,10,3
1589,2017100195,大学语文,COMPULSORY,5,30,3
1590,2017100195,人生哲学,UNCOMPULSORY,3,20,3
1591,2017100196,程序设计,COMPULSORY,5,30,3
1592,2017100196,数据结构,UNCOMPULSORY,3,10,3
1593,2017100197,计量经济学,COMPULSORY,2,40,3
1594,2017100197,马原,UNCOMPULSORY,4,30,3
1595,2017100198,大学语文,COMPULSORY,5,20,3
1596,2017100198,人生哲学,UNCOMPULSORY,5,40,3
1597,2017100199,程序设计,COMPULSORY,5,20,3
1598,2017100199,数据结构,UNCOMPULSORY,5,40,3
1599,2019100000,计量经济学,COMPULSORY,5,10,3
1600,2019100000,马原,UNCOMPULSORY,5,20,3
1601,2019100001,大学语文,COMPULSORY,4,30,3
1602,2019100001,人生哲学,UNCOMPULSORY,2,20,3
1603,2019100002,程序设计,COMPULSORY,2,20,3
1604,2019100002,数据结构,UNCOMPULSORY,4,40,3
1605,2019100003,计量经济学,COMPULSORY,3,30,3
1606,2019100003,马原,UNCOMPULSORY,4,10,3
1607,2019100004,大学语文,COMPULSORY,2,20,3
1608,2019100004,人生哲学,UNCOMPULSORY,2,10,3
1609,2019100005,程序设计,COMPULSORY,3,10,3
1610,2019100005,数据结构,UNCOMPULSORY,2,40,3
1611,2019100006,计量经济学,COMPULSORY,2,30,3
1612,2019100006,马原,UNCOMPULSORY,3,20,3
1613,2019100007,大学语文,COMPULSORY,4,10,3
1614,2019100007,人生哲学,UNCOMPULSORY,3,10,3
1615,2019100008,程序设计,COMPULSORY,5,30,3
1616,2019100008,数据结构,UNCOMPULSORY,5,20,3
1617,2019100009,计量经济学,COMPULSORY,2,10,3
1618,2019100009,马原,UNCOMPULSORY,5,30,3
1619,2019100010,大学语文,COMPULSORY,4,30,3
1620,2019100010,人生哲学,UNCOMPULSORY,4,40,3
1621,2019100011,程序设计,COMPULSORY,5,20,3
1622,2019100011,数据结构,UNCOMPULSORY,2,20,3
1623,2019100012,计量经济学,COMPULSORY,3,10,3
1624,2019100012,马原,UNCOMPULSORY,2,20,3
1625,2019100013,大学语文,COMPULSORY,2,10,3
1626,2019100013,人生哲学,UNCOMPULSORY,5,20,3
1627,2019100014,程序设计,COMPULSORY,2,40,3
1628,2019100014,数据结构,UNCOMPULSORY,3,40,3
1629,2019100015,计量经济学,COMPULSORY,4,40,3
1630,2019100015,马原,UNCOMPULSORY,4,40,3
1631,2019100016,大学语文,COMPULSORY,2,20,3
1632,2019100016,人生哲学,UNCOMPULSORY,5,40,3
1633,2019100017,程序设计,COMPULSORY,3,40,3
1634,2019100017,数据结构,UNCOMPULSORY,2,40,3
1635,2019100018,计量经济学,COMPULSORY,2,30,3
1636,2019100018,马原,UNCOMPULSORY,2,10,3
1637,2019100019,大学语文,COMPULSORY,3,40,3
1638,2019100019,人生哲学,UNCOMPULSORY,2,10,3
1639,2019100020,程序设计,COMPULSORY,4,20,3
1640,2019100020,数据结构,UNCOMPULSORY,4,40,3
1641,2019100021,计量经济学,COMPULSORY,3,40,3
1642,2019100021,马原,UNCOMPULSORY,2,10,3
1643,2019100022,大学语文,COMPULSORY,5,30,3
1644,2019100022,人生哲学,UNCOMPULSORY,5,40,3
1645,2019100023,程序设计,COMPULSORY,5,40,3
1646,2019100023,数据结构,UNCOMPULSORY,5,30,3
1647,2019100024,计量经济学,COMPULSORY,3,20,3
1648,2019100024,马原,UNCOMPULSORY,2,20,3
1649,2019100025,大学语文,COMPULSORY,2,40,3
1650,2019100025,人生哲学,UNCOMPULSORY,2,40,3
1651,2019100026,程序设计,COMPULSORY,4,20,3
1652,2019100026,数据结构,UNCOMPULSORY,4,30,3
1653,2019100027,计量经济学,COMPULSORY,4,30,3
1654,2019100027,马原,UNCOMPULSORY,2,30,3
1655,2019100028,大学语文,COMPULSORY,2,40,3
1656,2019100028,人生哲学,UNCOMPULSORY,4,10,3
1657,2019100029,程序设计,COMPULSORY,2,30,3
1658,2019100029,数据结构,UNCOMPULSORY,4,40,3
1659,2019100030,计量经济学,COMPULSORY,3,10,3
1660,2019100030,马原,UNCOMPULSORY,2,30,3
1661,2019100031,大学语文,COMPULSORY,3,20,3
1662,2019100031,人生哲学,UNCOMPULSORY,4,20,3
1663,2019100032,程序设计,COMPULSORY,4,30,3
1664,2019100032,数据结构,UNCOMPULSORY,5,10,3
1665,2019100033,计量经济学,COMPULSORY,5,20,3
1666,2019100033,马原,UNCOMPULSORY,3,10,3
1667,2019100034,大学语文,COMPULSORY,4,30,3
1668,2019100034,人生哲学,UNCOMPULSORY,4,10,3
1669,2019100035,程序设计,COMPULSORY,3,10,3
1670,2019100035,数据结构,UNCOMPULSORY,3,20,3
1671,2019100036,计量经济学,COMPULSORY,3,30,3
1672,2019100036,马原,UNCOMPULSORY,4,20,3
1673,2019100037,大学语文,COMPULSORY,5,10,3
1674,2019100037,人生哲学,UNCOMPULSORY,5,40,3
1675,2019100038,程序设计,COMPULSORY,5,10,3
1676,2019100038,数据结构,UNCOMPULSORY,5,40,3
1677,2019100039,计量经济学,COMPULSORY,3,10,3
1678,2019100039,马原,UNCOMPULSORY,5,10,3
1679,2019100040,大学语文,COMPULSORY,5,20,3
1680,2019100040,人生哲学,UNCOMPULSORY,4,40,3
1681,2019100041,程序设计,COMPULSORY,3,20,3
1682,2019100041,数据结构,UNCOMPULSORY,2,10,3
1683,2019100042,计量经济学,COMPULSORY,2,20,3
1684,2019100042,马原,UNCOMPULSORY,2,10,3
1685,2019100043,大学语文,COMPULSORY,5,40,3
1686,2019100043,人生哲学,UNCOMPULSORY,2,30,3
1687,2019100044,程序设计,COMPULSORY,3,40,3
1688,2019100044,数据结构,UNCOMPULSORY,4,10,3
1689,2019100045,计量经济学,COMPULSORY,3,20,3
1690,2019100045,马原,UNCOMPULSORY,4,40,3
1691,2019100046,大学语文,COMPULSORY,5,30,3
1692,2019100046,人生哲学,UNCOMPULSORY,4,40,3
1693,2019100047,程序设计,COMPULSORY,2,20,3
1694,2019100047,数据结构,UNCOMPULSORY,5,10,3
1695,2019100048,计量经济学,COMPULSORY,5,10,3
1696,2019100048,马原,UNCOMPULSORY,3,10,3
1697,2019100049,大学语文,COMPULSORY,2,40,3
1698,2019100049,人生哲学,UNCOMPULSORY,2,40,3
1699,2019100050,程序设计,COMPULSORY,3,20,3
1700,2019100050,数据结构,UNCOMPULSORY,3,40,3
1701,2019100051,计量经济学,COMPULSORY,5,40,3
1702,2019100051,马原,UNCOMPULSORY,5,20,3
1703,2019100052,大学语文,COMPULSORY,2,40,3
1704,2019100052,人生哲学,UNCOMPULSORY,5,10,3
1705,2019100053,程序设计,COMPULSORY,4,10,3
1706,2019100053,数据结构,UNCOMPULSORY,4,10,3
1707,2019100054,计量经济学,COMPULSORY,2,30,3
1708,2019100054,马原,UNCOMPULSORY,2,30,3
1709,2019100055,大学语文,COMPULSORY,3,20,3
1710,2019100055,人生哲学,UNCOMPULSORY,2,30,3
1711,2019100056,程序设计,COMPULSORY,4,30,3
1712,2019100056,数据结构,UNCOMPULSORY,5,20,3
1713,2019100057,计量经济学,COMPULSORY,3,30,3
1714,2019100057,马原,UNCOMPULSORY,5,10,3
1715,2019100058,大学语文,COMPULSORY,2,30,3
1716,2019100058,人生哲学,UNCOMPULSORY,2,10,3
1717,2019100059,程序设计,COMPULSORY,5,30,3
1718,2019100059,数据结构,UNCOMPULSORY,5,40,3
1719,2019100060,计量经济学,COMPULSORY,5,10,3
1720,2019100060,马原,UNCOMPULSORY,3,20,3
1721,2019100061,大学语文,COMPULSORY,4,30,3
1722,2019100061,人生哲学,UNCOMPULSORY,4,30,3
1723,2019100062,程序设计,COMPULSORY,5,30,3
1724,2019100062,数据结构,UNCOMPULSORY,3,10,3
1725,2019100063,计量经济学,COMPULSORY,2,20,3
1726,2019100063,马原,UNCOMPULSORY,3,40,3
1727,2019100064,大学语文,COMPULSORY,3,20,3
1728,2019100064,人生哲学,UNCOMPULSORY,3,30,3
1729,2019100065,程序设计,COMPULSORY,4,40,3
1730,2019100065,数据结构,UNCOMPULSORY,2,10,3
1731,2019100066,计量经济学,COMPULSORY,2,10,3
1732,2019100066,马原,UNCOMPULSORY,2,30,3
1733,2019100067,大学语文,COMPULSORY,3,30,3
1734,2019100067,人生哲学,UNCOMPULSORY,4,30,3
1735,2019100068,程序设计,COMPULSORY,5,40,3
1736,2019100068,数据结构,UNCOMPULSORY,3,40,3
1737,2019100069,计量经济学,COMPULSORY,2,10,3
1738,2019100069,马原,UNCOMPULSORY,5,40,3
1739,2019100070,大学语文,COMPULSORY,4,40,3
1740,2019100070,人生哲学,UNCOMPULSORY,2,30,3
1741,2019100071,程序设计,COMPULSORY,4,10,3
1742,2019100071,数据结构,UNCOMPULSORY,5,40,3
1743,2019100072,计量经济学,COMPULSORY,3,30,3
1744,2019100072,马原,UNCOMPULSORY,3,30,3
1745,2019100073,大学语文,COMPULSORY,4,30,3
1746,2019100073,人生哲学,UNCOMPULSORY,3,10,3
1747,2019100074,程序设计,COMPULSORY,3,10,3
1748,2019100074,数据结构,UNCOMPULSORY,3,10,3
1749,2019100075,计量经济学,COMPULSORY,4,30,3
1750,2019100075,马原,UNCOMPULSORY,3,10,3
1751,2019100076,大学语文,COMPULSORY,2,40,3
1752,2019100076,人生哲学,UNCOMPULSORY,5,10,3
1753,2019100077,程序设计,COMPULSORY,5,20,3
1754,2019100077,数据结构,UNCOMPULSORY,5,30,3
1755,2019100078,计量经济学,COMPULSORY,4,20,3
1756,2019100078,马原,UNCOMPULSORY,4,10,3
1757,2019100079,大学语文,COMPULSORY,2,40,3
1758,2019100079,人生哲学,UNCOMPULSORY,3,40,3
1759,2019100080,程序设计,COMPULSORY,2,10,3
1760,2019100080,数据结构,UNCOMPULSORY,3,10,3
1761,2019100081,计量经济学,COMPULSORY,4,20,3
1762,2019100081,马原,UNCOMPULSORY,3,10,3
1763,2019100082,大学语文,COMPULSORY,2,20,3
1764,2019100082,人生哲学,UNCOMPULSORY,5,10,3
1765,2019100083,程序设计,COMPULSORY,2,30,3
1766,2019100083,数据结构,UNCOMPULSORY,2,10,3
1767,2019100084,计量经济学,COMPULSORY,5,10,3
1768,2019100084,马原,UNCOMPULSORY,4,40,3
1769,2019100085,大学语文,COMPULSORY,4,20,3
1770,2019100085,人生哲学,UNCOMPULSORY,4,20,3
1771,2019100086,程序设计,COMPULSORY,2,30,3
1772,2019100086,数据结构,UNCOMPULSORY,2,20,3
1773,2019100087,计量经济学,COMPULSORY,3,10,3
1774,2019100087,马原,UNCOMPULSORY,4,10,3
1775,2019100088,大学语文,COMPULSORY,2,20,3
1776,2019100088,人生哲学,UNCOMPULSORY,5,30,3
1777,2019100089,程序设计,COMPULSORY,3,40,3
1778,2019100089,数据结构,UNCOMPULSORY,3,10,3
1779,2019100090,计量经济学,COMPULSORY,2,30,3
1780,2019100090,马原,UNCOMPULSORY,4,40,3
1781,2019100091,大学语文,COMPULSORY,4,30,3
1782,2019100091,人生哲学,UNCOMPULSORY,4,30,3
1783,2019100092,程序设计,COMPULSORY,4,40,3
1784,2019100092,数据结构,UNCOMPULSORY,5,40,3
1785,2019100093,计量经济学,COMPULSORY,2,20,3
1786,2019100093,马原,UNCOMPULSORY,2,10,3
1787,2019100094,大学语文,COMPULSORY,4,20,3
1788,2019100094,人生哲学,UNCOMPULSORY,4,40,3
1789,2019100095,程序设计,COMPULSORY,2,20,3
1790,2019100095,数据结构,UNCOMPULSORY,2,10,3
1791,2019100096,计量经济学,COMPULSORY,4,20,3
1792,2019100096,马原,UNCOMPULSORY,5,40,3
1793,2019100097,大学语文,COMPULSORY,3,10,3
1794,2019100097,人生哲学,UNCOMPULSORY,3,20,3
1795,2019100098,程序设计,COMPULSORY,3,20,3
1796,2019100098,数据结构,UNCOMPULSORY,2,20,3
1797,2019100099,计量经济学,COMPULSORY,3,10,3
1798,2019100099,马原,UNCOMPULSORY,3,40,3
1799,2019100100,大学语文,COMPULSORY,4,30,3
1800,2019100100,人生哲学,UNCOMPULSORY,4,20,3
1801,2019100101,程序设计,COMPULSORY,3,30,3
1802,2019100101,数据结构,UNCOMPULSORY,5,40,3
1803,2019100102,计量经济学,COMPULSORY,3,20,3
1804,2019100102,马原,UNCOMPULSORY,5,40,3
1805,2019100103,大学语文,COMPULSORY,5,10,3
1806,2019100103,人生哲学,UNCOMPULSORY,3,10,3
1807,2019100104,程序设计,COMPULSORY,2,40,3
1808,2019100104,数据结构,UNCOMPULSORY,4,40,3
1809,2019100105,计量经济学,COMPULSORY,5,10,3
1810,2019100105,马原,UNCOMPULSORY,5,20,3
1811,2019100106,大学语文,COMPULSORY,3,40,3
1812,2019100106,人生哲学,UNCOMPULSORY,4,40,3
1813,2019100107,程序设计,COMPULSORY,5,30,3
1814,2019100107,数据结构,UNCOMPULSORY,5,10,3
1815,2019100108,计量经济学,COMPULSORY,4,40,3
1816,2019100108,马原,UNCOMPULSORY,4,40,3
1817,2019100109,大学语文,COMPULSORY,3,30,3
1818,2019100109,人生哲学,UNCOMPULSORY,4,40,3
1819,2019100110,程序设计,COMPULSORY,4,30,3
1820,2019100110,数据结构,UNCOMPULSORY,2,40,3
1821,2019100111,计量经济学,COMPULSORY,3,10,3
1822,2019100111,马原,UNCOMPULSORY,4,20,3
1823,2019100112,大学语文,COMPULSORY,3,10,3
1824,2019100112,人生哲学,UNCOMPULSORY,4,10,3
1825,2019100113,程序设计,COMPULSORY,3,30,3
1826,2019100113,数据结构,UNCOMPULSORY,4,30,3
1827,2019100114,计量经济学,COMPULSORY,4,40,3
1828,2019100114,马原,UNCOMPULSORY,4,30,3
1829,2019100115,大学语文,COMPULSORY,3,10,3
1830,2019100115,人生哲学,UNCOMPULSORY,3,40,3
1831,2019100116,程序设计,COMPULSORY,3,20,3
1832,2019100116,数据结构,UNCOMPULSORY,2,10,3
1833,2019100117,计量经济学,COMPULSORY,3,40,3
1834,2019100117,马原,UNCOMPULSORY,2,10,3
1835,2019100118,大学语文,COMPULSORY,2,30,3
1836,2019100118,人生哲学,UNCOMPULSORY,4,40,3
1837,2019100119,程序设计,COMPULSORY,2,10,3
1838,2019100119,数据结构,UNCOMPULSORY,4,20,3
1839,2019100120,计量经济学,COMPULSORY,3,10,3
1840,2019100120,马原,UNCOMPULSORY,3,40,3
1841,2019100121,大学语文,COMPULSORY,3,40,3
1842,2019100121,人生哲学,UNCOMPULSORY,3,30,3
1843,2019100122,程序设计,COMPULSORY,4,30,3
1844,2019100122,数据结构,UNCOMPULSORY,3,30,3
1845,2019100123,计量经济学,COMPULSORY,5,10,3
1846,2019100123,马原,UNCOMPULSORY,3,20,3
1847,2019100124,大学语文,COMPULSORY,4,20,3
1848,2019100124,人生哲学,UNCOMPULSORY,4,40,3
1849,2019100125,程序设计,COMPULSORY,5,20,3
1850,2019100125,数据结构,UNCOMPULSORY,5,20,3
1851,2019100126,计量经济学,COMPULSORY,5,30,3
1852,2019100126,马原,UNCOMPULSORY,3,40,3
1853,2019100127,大学语文,COMPULSORY,4,30,3
1854,2019100127,人生哲学,UNCOMPULSORY,3,30,3
1855,2019100128,程序设计,COMPULSORY,2,40,3
1856,2019100128,数据结构,UNCOMPULSORY,4,10,3
1857,2019100129,计量经济学,COMPULSORY,5,10,3
1858,2019100129,马原,UNCOMPULSORY,3,10,3
1859,2019100130,大学语文,COMPULSORY,4,20,3
1860,2019100130,人生哲学,UNCOMPULSORY,4,10,3
1861,2019100131,程序设计,COMPULSORY,4,10,3
1862,2019100131,数据结构,UNCOMPULSORY,2,30,3
1863,2019100132,计量经济学,COMPULSORY,4,10,3
1864,2019100132,马原,UNCOMPULSORY,5,10,3
1865,2019100133,大学语文,COMPULSORY,3,40,3
1866,2019100133,人生哲学,UNCOMPULSORY,4,20,3
1867,2019100134,程序设计,COMPULSORY,5,20,3
1868,2019100134,数据结构,UNCOMPULSORY,3,30,3
1869,2019100135,计量经济学,COMPULSORY,2,40,3
1870,2019100135,马原,UNCOMPULSORY,4,20,3
1871,2019100136,大学语文,COMPULSORY,4,30,3
1872,2019100136,人生哲学,UNCOMPULSORY,5,10,3
1873,2019100137,程序设计,COMPULSORY,4,40,3
1874,2019100137,数据结构,UNCOMPULSORY,3,40,3
1875,2019100138,计量经济学,COMPULSORY,5,10,3
1876,2019100138,马原,UNCOMPULSORY,5,20,3
1877,2019100139,大学语文,COMPULSORY,4,30,3
1878,2019100139,人生哲学,UNCOMPULSORY,3,40,3
1879,2019100140,程序设计,COMPULSORY,5,30,3
1880,2019100140,数据结构,UNCOMPULSORY,3,10,3
1881,2019100141,计量经济学,COMPULSORY,2,40,3
1882,2019100141,马原,UNCOMPULSORY,2,10,3
1883,2019100142,大学语文,COMPULSORY,2,40,3
1884,2019100142,人生哲学,UNCOMPULSORY,5,40,3
1885,2019100143,程序设计,COMPULSORY,5,10,3
1886,2019100143,数据结构,UNCOMPULSORY,2,30,3
1887,2019100144,计量经济学,COMPULSORY,4,30,3
1888,2019100144,马原,UNCOMPULSORY,3,40,3
1889,2019100145,大学语文,COMPULSORY,4,20,3
1890,2019100145,人生哲学,UNCOMPULSORY,2,30,3
1891,2019100146,程序设计,COMPULSORY,4,10,3
1892,2019100146,数据结构,UNCOMPULSORY,4,30,3
1893,2019100147,计量经济学,COMPULSORY,2,30,3
1894,2019100147,马原,UNCOMPULSORY,4,40,3
1895,2019100148,大学语文,COMPULSORY,4,20,3
1896,2019100148,人生哲学,UNCOMPULSORY,4,30,3
1897,2019100149,程序设计,COMPULSORY,5,20,3
1898,2019100149,数据结构,UNCOMPULSORY,3,40,3
1899,2019100150,计量经济学,COMPULSORY,2,30,3
1900,2019100150,马原,UNCOMPULSORY,3,40,3
1901,2019100151,大学语文,COMPULSORY,3,20,3
1902,2019100151,人生哲学,UNCOMPULSORY,4,40,3
1903,2019100152,程序设计,COMPULSORY,4,20,3
1904,2019100152,数据结构,UNCOMPULSORY,5,10,3
1905,2019100153,计量经济学,COMPULSORY,5,40,3
1906,2019100153,马原,UNCOMPULSORY,3,20,3
1907,2019100154,大学语文,COMPULSORY,3,20,3
1908,2019100154,人生哲学,UNCOMPULSORY,5,10,3
1909,2019100155,程序设计,COMPULSORY,5,40,3
1910,2019100155,数据结构,UNCOMPULSORY,2,30,3
1911,2019100156,计量经济学,COMPULSORY,2,30,3
1912,2019100156,马原,UNCOMPULSORY,2,10,3
1913,2019100157,大学语文,COMPULSORY,4,20,3
1914,2019100157,人生哲学,UNCOMPULSORY,5,10,3
1915,2019100158,程序设计,COMPULSORY,2,20,3
1916,2019100158,数据结构,UNCOMPULSORY,3,30,3
1917,2019100159,计量经济学,COMPULSORY,3,20,3
1918,2019100159,马原,UNCOMPULSORY,4,40,3
1919,2019100160,大学语文,COMPULSORY,4,10,3
1920,2019100160,人生哲学,UNCOMPULSORY,3,40,3
1921,2019100161,程序设计,COMPULSORY,4,40,3
1922,2019100161,数据结构,UNCOMPULSORY,5,30,3
1923,2019100162,计量经济学,COMPULSORY,4,40,3
1924,2019100162,马原,UNCOMPULSORY,4,30,3
1925,2019100163,大学语文,COMPULSORY,4,40,3
1926,2019100163,人生哲学,UNCOMPULSORY,4,10,3
1927,2019100164,程序设计,COMPULSORY,5,20,3
1928,2019100164,数据结构,UNCOMPULSORY,4,30,3
1929,2019100165,计量经济学,COMPULSORY,5,40,3
1930,2019100165,马原,UNCOMPULSORY,3,10,3
1931,2019100166,大学语文,COMPULSORY,5,10,3
1932,2019100166,人生哲学,UNCOMPULSORY,4,10,3
1933,2019100167,程序设计,COMPULSORY,3,10,3
1934,2019100167,数据结构,UNCOMPULSORY,5,40,3
1935,2019100168,计量经济学,COMPULSORY,3,10,3
1936,2019100168,马原,UNCOMPULSORY,4,20,3
1937,2019100169,大学语文,COMPULSORY,5,30,3
1938,2019100169,人生哲学,UNCOMPULSORY,2,40,3
1939,2019100170,程序设计,COMPULSORY,2,40,3
1940,2019100170,数据结构,UNCOMPULSORY,2,20,3
1941,2019100171,计量经济学,COMPULSORY,4,30,3
1942,2019100171,马原,UNCOMPULSORY,3,30,3
1943,2019100172,大学语文,COMPULSORY,4,20,3
1944,2019100172,人生哲学,UNCOMPULSORY,5,30,3
1945,2019100173,程序设计,COMPULSORY,4,30,3
1946,2019100173,数据结构,UNCOMPULSORY,4,30,3
1947,2019100174,计量经济学,COMPULSORY,4,10,3
1948,2019100174,马原,UNCOMPULSORY,5,20,3
1949,2019100175,大学语文,COMPULSORY,4,30,3
1950,2019100175,人生哲学,UNCOMPULSORY,5,20,3
1951,2019100176,程序设计,COMPULSORY,2,30,3
1952,2019100176,数据结构,UNCOMPULSORY,2,20,3
1953,2019100177,计量经济学,COMPULSORY,2,40,3
1954,2019100177,马原,UNCOMPULSORY,2,20,3
1955,2019100178,大学语文,COMPULSORY,4,30,3
1956,2019100178,人生哲学,UNCOMPULSORY,5,20,3
1957,2019100179,程序设计,COMPULSORY,2,40,3
1958,2019100179,数据结构,UNCOMPULSORY,4,20,3
1959,2019100180,计量经济学,COMPULSORY,2,20,3
1960,2019100180,马原,UNCOMPULSORY,2,10,3
1961,2019100181,大学语文,COMPULSORY,4,20,3
1962,2019100181,人生哲学,UNCOMPULSORY,3,30,3
1963,2019100182,程序设计,COMPULSORY,3,10,3
1964,2019100182,数据结构,UNCOMPULSORY,5,40,3
1965,2019100183,计量经济学,COMPULSORY,5,30,3
1966,2019100183,马原,UNCOMPULSORY,5,30,3
1967,2019100184,大学语文,COMPULSORY,5,40,3
1968,2019100184,人生哲学,UNCOMPULSORY,4,10,3
1969,2019100185,程序设计,COMPULSORY,2,10,3
1970,2019100185,数据结构,UNCOMPULSORY,2,30,3
1971,2019100186,计量经济学,COMPULSORY,4,10,3
1972,2019100186,马原,UNCOMPULSORY,5,10,3
1973,2019100187,大学语文,COMPULSORY,4,20,3
1974,2019100187,人生哲学,UNCOMPULSORY,2,20,3
1975,2019100188,程序设计,COMPULSORY,3,10,3
1976,2019100188,数据结构,UNCOMPULSORY,4,20,3
1977,2019100189,计量经济学,COMPULSORY,4,10,3
1978,2019100189,马原,UNCOMPULSORY,5,10,3
1979,2019100190,大学语文,COMPULSORY,3,30,3
1980,2019100190,人生哲学,UNCOMPULSORY,4,20,3
1981,2019100191,程序设计,COMPULSORY,4,10,3
1982,2019100191,数据结构,UNCOMPULSORY,3,40,3
1983,2019100192,计量经济学,COMPULSORY,2,20,3
1984,2019100192,马原,UNCOMPULSORY,5,30,3
1985,2019100193,大学语文,COMPULSORY,3,20,3
1986,2019100193,人生哲学,UNCOMPULSORY,4,30,3
1987,2019100194,程序设计,COMPULSORY,3,20,3
1988,2019100194,数据结构,UNCOMPULSORY,2,10,3
1989,2019100195,计量经济学,COMPULSORY,2,40,3
1990,2019100195,马原,UNCOMPULSORY,2,20,3
1991,2019100196,大学语文,COMPULSORY,5,20,3
1992,2019100196,人生哲学,UNCOMPULSORY,4,20,3
1993,2019100197,程序设计,COMPULSORY,2,30,3
1994,2019100197,数据结构,UNCOMPULSORY,5,10,3
1995,2019100198,计量经济学,COMPULSORY,2,20,3
1996,2019100198,马原,UNCOMPULSORY,5,40,3
1997,2019100199,大学语文,COMPULSORY,5,10,3
1998,2019100199,人生哲学,UNCOMPULSORY,5,30,3
1999,2013100001,常微分方程,COMPULSORY,2,40,1
2000,2013100001,概率论,UNCOMPULSORY,4,10,1
2001,2013100001,数理统计,COMPULSORY,3,10,1
2002,2013100001,偏微分方程,UNCOMPULSORY,5,30,1
2003,2013100001,随机过程,COMPULSORY,5,10,1
2004,2013100001,时间序列分析,UNCOMPULSORY,5,30,2
2005,2013100001,数学规划,COMPULSORY,5,10,2
2006,2013100001,动态优化,UNCOMPULSORY,4,30,2
2007,2013100001,最优控制,COMPULSORY,3,20,2
2008,2013100001,数值分析,UNCOMPULSORY,5,10,2
